{
  "name": "Jewel Crafting",
  "description": "",
  "ownership": {
    "fnbYkpHtl1fog06u": "1",
    "TKTuPaWmviyTg5nq": "2",
    "ffm0hg4Ag7AxYV9M": "2",
    "mT0BpCNV1QD6le32": "2",
    "yPjxt8T9laEdUk5W": "2",
    "qvjyllfbPM1W0Emi": "1"
  },
  "tools": "Jeweler's Tools",
  "ingredientsInspection": "1",
  "productInspection": "1",
  "recipes": [
    {
      "name": "Iron Jewelry",
      "time": null,
      "macroName": "JewelCraftingCheck",
      "ingredientsInspection": "0",
      "productInspection": "0",
      "description": "",
      "tools": "",
      "ingredients": [
        {
          "name": null,
          "components": [
            {
              "uuid": "Compendium.crafting-gathering.Crafting Results.OTGUnfGux9uBxWBT",
              "quantity": 1,
              "name": "Iron Bullion"
            }
          ]
        }
      ],
      "products": [],
      "img": "icons/equipment/neck/choker-chain-thick-silver.webp",
      "ownership": {
        "fnbYkpHtl1fog06u": "0",
        "TKTuPaWmviyTg5nq": "0",
        "ffm0hg4Ag7AxYV9M": "0",
        "mT0BpCNV1QD6le32": "0",
        "yPjxt8T9laEdUk5W": "0",
        "qvjyllfbPM1W0Emi": "0"
      }
    },
    {
      "name": "Copper Jewelry",
      "time": null,
      "macroName": "JewelCraftingCheck",
      "ingredientsInspection": "0",
      "productInspection": "0",
      "description": "",
      "tools": "",
      "ingredients": [
        {
          "name": null,
          "components": [
            {
              "uuid": "Compendium.crafting-gathering.Crafting Results.NtpwXNLSbTvYPUiv",
              "quantity": 1,
              "name": "Copper Bullion"
            }
          ]
        }
      ],
      "products": [],
      "img": "icons/equipment/neck/choker-round-copper.webp",
      "ownership": {
        "fnbYkpHtl1fog06u": "0",
        "TKTuPaWmviyTg5nq": "0",
        "ffm0hg4Ag7AxYV9M": "0",
        "mT0BpCNV1QD6le32": "0",
        "yPjxt8T9laEdUk5W": "0",
        "qvjyllfbPM1W0Emi": "0"
      }
    },
    {
      "name": "Tin Jewelry",
      "time": null,
      "macroName": "JewelCraftingCheck",
      "ingredientsInspection": "0",
      "productInspection": "0",
      "description": "",
      "tools": "",
      "ingredients": [
        {
          "name": null,
          "components": [
            {
              "uuid": "Compendium.crafting-gathering.Crafting Results.N9iEA5OGKbW4Np1O",
              "quantity": 1,
              "name": "Tin Bullion"
            }
          ]
        }
      ],
      "products": [],
      "img": "icons/equipment/neck/amulet-carved-stone-hammer.webp",
      "ownership": {
        "fnbYkpHtl1fog06u": "0",
        "TKTuPaWmviyTg5nq": "0",
        "ffm0hg4Ag7AxYV9M": "0",
        "mT0BpCNV1QD6le32": "0",
        "yPjxt8T9laEdUk5W": "0",
        "qvjyllfbPM1W0Emi": "0"
      }
    },
    {
      "name": "Bronze Jewelry",
      "time": null,
      "macroName": "JewelCraftingCheck",
      "ingredientsInspection": "0",
      "productInspection": "0",
      "description": "",
      "tools": "",
      "ingredients": [
        {
          "name": null,
          "components": [
            {
              "uuid": "Compendium.crafting-gathering.Crafting Results.IVwDw9KtDsffb2Ya",
              "quantity": 1,
              "name": "Bronze Bullion"
            }
          ]
        }
      ],
      "products": [],
      "img": "icons/equipment/neck/collar-carved-bone-heavy.webp",
      "ownership": {
        "fnbYkpHtl1fog06u": "0",
        "TKTuPaWmviyTg5nq": "0",
        "ffm0hg4Ag7AxYV9M": "0",
        "mT0BpCNV1QD6le32": "0",
        "yPjxt8T9laEdUk5W": "0",
        "qvjyllfbPM1W0Emi": "0"
      }
    },
    {
      "name": "Steel Jewelry",
      "time": null,
      "macroName": "JewelCraftingCheck",
      "ingredientsInspection": "0",
      "productInspection": "0",
      "description": "",
      "tools": "",
      "ingredients": [
        {
          "name": null,
          "components": [
            {
              "uuid": "Compendium.crafting-gathering.Crafting Results.BJrLFCpDgdJ9kfkD",
              "quantity": 1,
              "name": "Steel Bullion"
            }
          ]
        }
      ],
      "products": [],
      "img": "icons/equipment/neck/choker-simple-carved-stone.webp",
      "ownership": {
        "fnbYkpHtl1fog06u": "0",
        "TKTuPaWmviyTg5nq": "0",
        "ffm0hg4Ag7AxYV9M": "0",
        "mT0BpCNV1QD6le32": "0",
        "yPjxt8T9laEdUk5W": "0",
        "qvjyllfbPM1W0Emi": "0"
      }
    },
    {
      "name": "Silver Jewelry",
      "time": null,
      "macroName": "JewelCraftingCheck",
      "ingredientsInspection": "0",
      "productInspection": "0",
      "description": "",
      "tools": "",
      "ingredients": [
        {
          "name": null,
          "components": [
            {
              "uuid": "Compendium.crafting-gathering.Crafting Results.r1UnBiQs89OvlbYz",
              "quantity": 1,
              "name": "Silver Bullion"
            }
          ]
        }
      ],
      "products": [],
      "img": "icons/equipment/neck/necklace-triquetra-silver.webp",
      "ownership": {
        "fnbYkpHtl1fog06u": "0",
        "TKTuPaWmviyTg5nq": "0",
        "ffm0hg4Ag7AxYV9M": "0",
        "mT0BpCNV1QD6le32": "0",
        "yPjxt8T9laEdUk5W": "0",
        "qvjyllfbPM1W0Emi": "0"
      }
    },
    {
      "name": "Electrum Jewelry",
      "time": null,
      "macroName": "JewelCraftingCheck",
      "ingredientsInspection": "0",
      "productInspection": "0",
      "description": "",
      "tools": "",
      "ingredients": [
        {
          "name": null,
          "components": [
            {
              "uuid": "Compendium.crafting-gathering.Crafting Results.VQbLKDOAb7PaXRB3",
              "quantity": 1,
              "name": "Electrum Bullion"
            }
          ]
        }
      ],
      "products": [],
      "img": "icons/equipment/neck/choker-rounded-gold-green.webp",
      "ownership": {
        "fnbYkpHtl1fog06u": "0",
        "TKTuPaWmviyTg5nq": "0",
        "ffm0hg4Ag7AxYV9M": "0",
        "mT0BpCNV1QD6le32": "0",
        "yPjxt8T9laEdUk5W": "0",
        "qvjyllfbPM1W0Emi": "0"
      }
    },
    {
      "name": "Gold Jewelry",
      "time": null,
      "macroName": "JewelCraftingCheck",
      "ingredientsInspection": "0",
      "productInspection": "0",
      "description": "",
      "tools": "",
      "ingredients": [
        {
          "name": null,
          "components": [
            {
              "uuid": "Compendium.crafting-gathering.Crafting Results.jr3pQXXWa97ehzA1",
              "quantity": 1,
              "name": "Gold Bullion"
            }
          ]
        }
      ],
      "products": [],
      "img": "icons/equipment/neck/amulet-round-star-gold.webp",
      "ownership": {
        "fnbYkpHtl1fog06u": "0",
        "TKTuPaWmviyTg5nq": "0",
        "ffm0hg4Ag7AxYV9M": "0",
        "mT0BpCNV1QD6le32": "0",
        "yPjxt8T9laEdUk5W": "0",
        "qvjyllfbPM1W0Emi": "0"
      }
    },
    {
      "name": "Platinum Jewelry",
      "time": null,
      "macroName": "JewelCraftingCheck",
      "ingredientsInspection": "0",
      "productInspection": "0",
      "description": "",
      "tools": "",
      "ingredients": [
        {
          "name": null,
          "components": [
            {
              "uuid": "Compendium.crafting-gathering.Crafting Results.uE3QY1usAbD4fNjI",
              "quantity": 1,
              "name": "Platinum Bullion"
            }
          ]
        }
      ],
      "products": [],
      "img": "icons/equipment/neck/choker-thin-silver-blue.webp",
      "ownership": {
        "fnbYkpHtl1fog06u": "2",
        "TKTuPaWmviyTg5nq": "2",
        "ffm0hg4Ag7AxYV9M": "2",
        "mT0BpCNV1QD6le32": "2",
        "yPjxt8T9laEdUk5W": "2",
        "qvjyllfbPM1W0Emi": "0"
      }
    },
    {
      "name": "Adamantine Jewelry",
      "time": null,
      "macroName": "JewelCraftingCheck",
      "ingredientsInspection": "0",
      "productInspection": "0",
      "description": "",
      "tools": "",
      "ingredients": [
        {
          "name": null,
          "components": [
            {
              "uuid": "Compendium.crafting-gathering.Crafting Results.Roo1uHsmuu2e5VDW",
              "quantity": 1,
              "name": "Adamantine Bullion"
            }
          ]
        }
      ],
      "products": [],
      "img": "icons/equipment/neck/amulet-geometric-blue-yellow.webp",
      "ownership": {
        "fnbYkpHtl1fog06u": "2",
        "TKTuPaWmviyTg5nq": "2",
        "ffm0hg4Ag7AxYV9M": "2",
        "mT0BpCNV1QD6le32": "2",
        "yPjxt8T9laEdUk5W": "2",
        "qvjyllfbPM1W0Emi": "0"
      }
    },
    {
      "name": "Mithral Jewelry",
      "time": null,
      "macroName": "JewelCraftingCheck",
      "ingredientsInspection": "0",
      "productInspection": "0",
      "description": "",
      "tools": "",
      "ingredients": [
        {
          "name": null,
          "components": [
            {
              "uuid": "Compendium.crafting-gathering.Crafting Results.TinsFGDA4NtCEngj",
              "quantity": 1,
              "name": "Mithral Bullion"
            }
          ]
        }
      ],
      "products": [],
      "img": "icons/equipment/neck/pendant-faceted-silver-green.webp",
      "ownership": {
        "fnbYkpHtl1fog06u": "2",
        "TKTuPaWmviyTg5nq": "2",
        "ffm0hg4Ag7AxYV9M": "2",
        "mT0BpCNV1QD6le32": "2",
        "yPjxt8T9laEdUk5W": "2",
        "qvjyllfbPM1W0Emi": "0"
      }
    },
    {
      "name": "Copper Ore Gems Table",
      "time": null,
      "macroName": "JewelCraftingCheck",
      "ingredientsInspection": "0",
      "productInspection": "0",
      "description": "",
      "tools": "",
      "ingredients": [
        {
          "name": null,
          "components": [
            {
              "uuid": "Compendium.crafting-gathering.Crafting Ingredients.elJeik4V6n8Dwwr3",
              "quantity": "40",
              "name": "Copper Ore"
            }
          ]
        }
      ],
      "products": [
        {
          "name": null,
          "components": [
            {
              "uuid": "RollTable.pBusd3l82VTxDm5f",
              "quantity": 1,
              "name": "Copper Ore Gems"
            }
          ]
        }
      ],
      "img": "icons/sundries/gaming/dice-runed-tan.webp",
      "ownership": {
        "fnbYkpHtl1fog06u": "0",
        "TKTuPaWmviyTg5nq": "0",
        "ffm0hg4Ag7AxYV9M": "0",
        "mT0BpCNV1QD6le32": "0",
        "yPjxt8T9laEdUk5W": "0",
        "qvjyllfbPM1W0Emi": "0"
      }
    },
    {
      "name": "Silver Ore Gems Table",
      "time": null,
      "macroName": "JewelCraftingCheck",
      "ingredientsInspection": "0",
      "productInspection": "0",
      "description": "",
      "tools": "",
      "ingredients": [
        {
          "name": null,
          "components": [
            {
              "uuid": "Compendium.crafting-gathering.Crafting Ingredients.UigZxmPtGbkX8VC9",
              "quantity": "20",
              "name": "Silver Ore"
            }
          ]
        }
      ],
      "products": [
        {
          "name": null,
          "components": [
            {
              "uuid": "RollTable.5cazvgD2hx1MMgOn",
              "quantity": 1,
              "name": "Silver Ore Gems"
            }
          ]
        }
      ],
      "img": "icons/sundries/gaming/dice-runed-tan.webp",
      "ownership": {
        "fnbYkpHtl1fog06u": "0",
        "TKTuPaWmviyTg5nq": "0",
        "ffm0hg4Ag7AxYV9M": "0",
        "mT0BpCNV1QD6le32": "0",
        "yPjxt8T9laEdUk5W": "0",
        "qvjyllfbPM1W0Emi": "0"
      }
    },
    {
      "name": "Gold Ore Gems Table",
      "time": null,
      "macroName": "JewelCraftingCheck",
      "ingredientsInspection": "0",
      "productInspection": "0",
      "description": "",
      "tools": "",
      "ingredients": [
        {
          "name": null,
          "components": [
            {
              "uuid": "Compendium.crafting-gathering.Crafting Ingredients.MUBg0j2Jdo2pfoQQ",
              "quantity": "4",
              "name": "Gold Ore"
            }
          ]
        }
      ],
      "products": [
        {
          "name": null,
          "components": [
            {
              "uuid": "RollTable.LJ5yw6T3j7sbTy4f",
              "quantity": 1,
              "name": "Gold Ore Gems"
            }
          ]
        }
      ],
      "img": "icons/sundries/gaming/dice-runed-tan.webp",
      "ownership": {
        "fnbYkpHtl1fog06u": "0",
        "TKTuPaWmviyTg5nq": "0",
        "ffm0hg4Ag7AxYV9M": "0",
        "mT0BpCNV1QD6le32": "0",
        "yPjxt8T9laEdUk5W": "0",
        "qvjyllfbPM1W0Emi": "0"
      }
    },
    {
      "name": "Platinum Ore Gems Table",
      "time": null,
      "macroName": "JewelCraftingCheck",
      "ingredientsInspection": "0",
      "productInspection": "0",
      "description": "",
      "tools": "",
      "ingredients": [
        {
          "name": null,
          "components": [
            {
              "uuid": "Compendium.crafting-gathering.Crafting Ingredients.YdnZ22Erw7e0d2aP",
              "quantity": "2",
              "name": "Platinum Ore"
            }
          ]
        }
      ],
      "products": [
        {
          "name": null,
          "components": [
            {
              "uuid": "RollTable.1C55ERH7pTZB0dQV",
              "quantity": 1,
              "name": "Platinum Ore Gems"
            }
          ]
        }
      ],
      "img": "icons/sundries/gaming/dice-runed-tan.webp",
      "ownership": {
        "fnbYkpHtl1fog06u": "2",
        "TKTuPaWmviyTg5nq": "2",
        "ffm0hg4Ag7AxYV9M": "2",
        "mT0BpCNV1QD6le32": "2",
        "yPjxt8T9laEdUk5W": "2",
        "qvjyllfbPM1W0Emi": "0"
      }
    },
    {
      "name": "Adamantine Ore Gems Table",
      "time": null,
      "macroName": "JewelCraftingCheck",
      "ingredientsInspection": "0",
      "productInspection": "0",
      "description": "",
      "tools": "",
      "ingredients": [
        {
          "name": null,
          "components": [
            {
              "uuid": "Compendium.crafting-gathering.Crafting Ingredients.JHyvQQlso48Pu1CH",
              "quantity": "8",
              "name": "Adamantine Ore"
            }
          ]
        }
      ],
      "products": [
        {
          "name": null,
          "components": [
            {
              "uuid": "RollTable.qnaOavs0AsN84Zqy",
              "quantity": 1,
              "name": "Adamantine Ore Gems"
            }
          ]
        }
      ],
      "img": "icons/sundries/gaming/dice-runed-tan.webp",
      "ownership": {
        "fnbYkpHtl1fog06u": "2",
        "TKTuPaWmviyTg5nq": "2",
        "ffm0hg4Ag7AxYV9M": "2",
        "mT0BpCNV1QD6le32": "2",
        "yPjxt8T9laEdUk5W": "2",
        "qvjyllfbPM1W0Emi": "0"
      }
    },
    {
      "name": "Mithral Ore Gems Table",
      "time": null,
      "macroName": "JewelCraftingCheck",
      "ingredientsInspection": "0",
      "productInspection": "0",
      "description": "",
      "tools": "",
      "ingredients": [
        {
          "name": null,
          "components": [
            {
              "uuid": "Compendium.crafting-gathering.Crafting Ingredients.60bzJtpslPoUOR6Y",
              "quantity": "25",
              "name": "Mithral Ore"
            }
          ]
        }
      ],
      "products": [
        {
          "name": null,
          "components": [
            {
              "uuid": "RollTable.qoVPX12NN8U4GoTj",
              "quantity": 1,
              "name": "Mithral Ore Gems"
            }
          ]
        }
      ],
      "img": "icons/sundries/gaming/dice-runed-tan.webp",
      "ownership": {
        "fnbYkpHtl1fog06u": "2",
        "TKTuPaWmviyTg5nq": "2",
        "ffm0hg4Ag7AxYV9M": "2",
        "mT0BpCNV1QD6le32": "2",
        "yPjxt8T9laEdUk5W": "2",
        "qvjyllfbPM1W0Emi": "0"
      }
    },
    {
      "name": "Elemental Gems Table",
      "time": null,
      "macroName": "JewelCraftingCheck",
      "ingredientsInspection": "0",
      "productInspection": "0",
      "description": "",
      "tools": "",
      "ingredients": [
        {
          "name": null,
          "components": [
            {
              "uuid": "Compendium.crafting-gathering.Crafting Ingredients.MUBg0j2Jdo2pfoQQ",
              "quantity": "20",
              "name": "Gold Ore"
            }
          ]
        }
      ],
      "products": [
        {
          "name": null,
          "components": [
            {
              "uuid": "Compendium.crafting-gathering.Crafting Roll Tables.cma86HRABloKHmJn",
              "quantity": 1,
              "name": "Elemental Gems"
            }
          ]
        }
      ],
      "img": "icons/sundries/gaming/dice-runed-tan.webp",
      "ownership": {
        "fnbYkpHtl1fog06u": "2",
        "TKTuPaWmviyTg5nq": "2",
        "ffm0hg4Ag7AxYV9M": "2",
        "mT0BpCNV1QD6le32": "2",
        "yPjxt8T9laEdUk5W": "2",
        "qvjyllfbPM1W0Emi": "0"
      }
    },
    {
      "name": "Special Gems Table",
      "time": null,
      "macroName": "JewelCraftingCheck",
      "ingredientsInspection": "0",
      "productInspection": "0",
      "description": "",
      "tools": "",
      "ingredients": [
        {
          "name": null,
          "components": [
            {
              "uuid": "Compendium.crafting-gathering.Crafting Ingredients.YdnZ22Erw7e0d2aP",
              "quantity": "10",
              "name": "Platinum Ore"
            }
          ]
        }
      ],
      "products": [
        {
          "name": null,
          "components": [
            {
              "uuid": "Compendium.crafting-gathering.Crafting Roll Tables.wkE2xYiQQr80GSZf",
              "quantity": 1,
              "name": "Special Gems"
            }
          ]
        }
      ],
      "img": "icons/sundries/gaming/dice-runed-tan.webp",
      "ownership": {
        "fnbYkpHtl1fog06u": "2",
        "TKTuPaWmviyTg5nq": "2",
        "ffm0hg4Ag7AxYV9M": "2",
        "mT0BpCNV1QD6le32": "2",
        "yPjxt8T9laEdUk5W": "2",
        "qvjyllfbPM1W0Emi": "0"
      }
    },
    {
      "name": "Crystal",
      "time": null,
      "macroName": "JewelCraftingCheck",
      "ingredientsInspection": "0",
      "productInspection": "0",
      "description": "",
      "tools": "",
      "ingredients": [
        {
          "name": null,
          "components": [
            {
              "uuid": "Compendium.crafting-gathering.Crafting Ingredients.elJeik4V6n8Dwwr3",
              "quantity": "20",
              "name": "Copper Ore"
            }
          ]
        }
      ],
      "products": [
        {
          "name": null,
          "components": [
            {
              "uuid": "Compendium.dnd5e.items.uXOT4fYbgPY8DGdd",
              "quantity": 1,
              "name": "Crystal"
            }
          ]
        }
      ],
      "img": "icons/commodities/gems/gem-rough-navette-yellow-green.webp",
      "ownership": {
        "fnbYkpHtl1fog06u": "0",
        "TKTuPaWmviyTg5nq": "0",
        "ffm0hg4Ag7AxYV9M": "0",
        "mT0BpCNV1QD6le32": "0",
        "yPjxt8T9laEdUk5W": "0",
        "qvjyllfbPM1W0Emi": "0"
      }
    },
    {
      "name": "Orb",
      "time": null,
      "macroName": "JewelCraftingCheck",
      "ingredientsInspection": "0",
      "productInspection": "0",
      "description": "",
      "tools": "",
      "ingredients": [
        {
          "name": null,
          "components": [
            {
              "uuid": "Compendium.crafting-gathering.Crafting Ingredients.elJeik4V6n8Dwwr3",
              "quantity": "40",
              "name": "Copper Ore"
            }
          ]
        }
      ],
      "products": [
        {
          "name": null,
          "components": [
            {
              "uuid": "Compendium.dnd5e.items.tH5Rn0JVRG1zdmPa",
              "quantity": 1,
              "name": "Orb"
            }
          ]
        }
      ],
      "img": "icons/commodities/gems/pearl-natural.webp",
      "ownership": {
        "fnbYkpHtl1fog06u": "0",
        "TKTuPaWmviyTg5nq": "0",
        "ffm0hg4Ag7AxYV9M": "0",
        "mT0BpCNV1QD6le32": "0",
        "yPjxt8T9laEdUk5W": "0",
        "qvjyllfbPM1W0Emi": "0"
      }
    },
    {
      "name": "Amlet",
      "time": null,
      "macroName": "JewelCraftingCheck",
      "ingredientsInspection": "0",
      "productInspection": "0",
      "description": "",
      "tools": "",
      "ingredients": [
        {
          "name": null,
          "components": [
            {
              "uuid": "Compendium.crafting-gathering.Crafting Ingredients.C43QWbENrrSa74nj",
              "quantity": "10",
              "name": "Tin Ore"
            }
          ]
        }
      ],
      "products": [
        {
          "name": null,
          "components": [
            {
              "uuid": "Compendium.dnd5e.items.paqlMjggWkBIAeCe",
              "quantity": 1,
              "name": "Amulet"
            }
          ]
        }
      ],
      "img": "icons/equipment/neck/pendant-bronze-gem-blue.webp",
      "ownership": {
        "fnbYkpHtl1fog06u": "0",
        "TKTuPaWmviyTg5nq": "0",
        "ffm0hg4Ag7AxYV9M": "0",
        "mT0BpCNV1QD6le32": "0",
        "yPjxt8T9laEdUk5W": "0",
        "qvjyllfbPM1W0Emi": "0"
      }
    },
    {
      "name": "Emblem",
      "time": null,
      "macroName": "JewelCraftingCheck",
      "ingredientsInspection": "0",
      "productInspection": "0",
      "description": "",
      "tools": "",
      "ingredients": [
        {
          "name": null,
          "components": [
            {
              "uuid": "Compendium.crafting-gathering.Crafting Ingredients.C43QWbENrrSa74nj",
              "quantity": "10",
              "name": "Tin Ore"
            }
          ]
        }
      ],
      "products": [
        {
          "name": null,
          "components": [
            {
              "uuid": "Compendium.dnd5e.items.laVqttkGMW4B9654",
              "quantity": 1,
              "name": "Emblem"
            }
          ]
        }
      ],
      "img": "icons/sundries/flags/banner-symbol-sun-gold-red.webp",
      "ownership": {
        "fnbYkpHtl1fog06u": "0",
        "TKTuPaWmviyTg5nq": "0",
        "ffm0hg4Ag7AxYV9M": "0",
        "mT0BpCNV1QD6le32": "0",
        "yPjxt8T9laEdUk5W": "0",
        "qvjyllfbPM1W0Emi": "0"
      }
    },
    {
      "name": "Reliquary",
      "time": null,
      "macroName": "JewelCraftingCheck",
      "ingredientsInspection": "0",
      "productInspection": "0",
      "description": "",
      "tools": "",
      "ingredients": [
        {
          "name": null,
          "components": [
            {
              "uuid": "Compendium.crafting-gathering.Crafting Ingredients.C43QWbENrrSa74nj",
              "quantity": "10",
              "name": "Tin Ore"
            }
          ]
        }
      ],
      "products": [
        {
          "name": null,
          "components": [
            {
              "uuid": "Compendium.dnd5e.items.gP1URGq3kVIIFHJ7",
              "quantity": 1,
              "name": "Reliquary"
            }
          ]
        }
      ],
      "img": "icons/containers/chest/chest-reinforced-steel-red.webp",
      "ownership": {
        "fnbYkpHtl1fog06u": "0",
        "TKTuPaWmviyTg5nq": "0",
        "ffm0hg4Ag7AxYV9M": "0",
        "mT0BpCNV1QD6le32": "0",
        "yPjxt8T9laEdUk5W": "0",
        "qvjyllfbPM1W0Emi": "0"
      }
    },
    {
      "name": "Signet Ring",
      "time": null,
      "macroName": "JewelCraftingCheck",
      "ingredientsInspection": "0",
      "productInspection": "0",
      "description": "",
      "tools": "",
      "ingredients": [
        {
          "name": null,
          "components": [
            {
              "uuid": "Compendium.crafting-gathering.Crafting Results.BJrLFCpDgdJ9kfkD",
              "quantity": "5",
              "name": "Steel Bullion"
            }
          ]
        }
      ],
      "products": [
        {
          "name": null,
          "components": [
            {
              "uuid": "Compendium.dnd5e.items.kdkpSZMUHGXGM15H",
              "quantity": 1,
              "name": "Signet Ring"
            }
          ]
        }
      ],
      "img": "icons/equipment/finger/ring-cabochon-gold-orange.webp",
      "ownership": {
        "fnbYkpHtl1fog06u": "0",
        "TKTuPaWmviyTg5nq": "0",
        "ffm0hg4Ag7AxYV9M": "0",
        "mT0BpCNV1QD6le32": "0",
        "yPjxt8T9laEdUk5W": "0",
        "qvjyllfbPM1W0Emi": "0"
      }
    }
  ],
  "img": "icons/sundries/books/book-worn-brown-grey.webp",
  "documentName": "RecipeBook"
}