{
  "name": "Smelting",
  "description": "",
  "ownership": {
    "fnbYkpHtl1fog06u": "1",
    "TKTuPaWmviyTg5nq": "2",
    "ffm0hg4Ag7AxYV9M": "2",
    "mT0BpCNV1QD6le32": "2",
    "yPjxt8T9laEdUk5W": "1",
    "qvjyllfbPM1W0Emi": "1"
  },
  "tools": "Smelting Equipment",
  "ingredientsInspection": "1",
  "productInspection": "1",
  "recipes": [
    {
      "name": "Iron Bar",
      "time": null,
      "macroName": "SmeltingCheck",
      "ingredientsInspection": "0",
      "productInspection": "0",
      "description": "",
      "tools": "",
      "ingredients": [
        {
          "name": null,
          "components": [
            {
              "uuid": "Compendium.crafting-gathering.Crafting Ingredients.cDxubnhmliRUA75f",
              "quantity": 1,
              "name": "Iron Ore"
            }
          ]
        }
      ],
      "products": [
        {
          "name": null,
          "components": [
            {
              "uuid": "Compendium.crafting-gathering.Crafting Results.wZA2iyajAihjTxVr",
              "quantity": 1,
              "name": "Iron Bar"
            }
          ]
        }
      ],
      "img": "icons/commodities/metal/ingot-iron.webp",
      "ownership": {
        "fnbYkpHtl1fog06u": "0",
        "TKTuPaWmviyTg5nq": "0",
        "ffm0hg4Ag7AxYV9M": "0",
        "mT0BpCNV1QD6le32": "0",
        "yPjxt8T9laEdUk5W": "0",
        "qvjyllfbPM1W0Emi": "0"
      }
    },
    {
      "name": "Copper Bar",
      "time": null,
      "macroName": "SmeltingCheck",
      "ingredientsInspection": "0",
      "productInspection": "0",
      "description": "",
      "tools": "",
      "ingredients": [
        {
          "name": null,
          "components": [
            {
              "uuid": "Compendium.crafting-gathering.Crafting Ingredients.elJeik4V6n8Dwwr3",
              "quantity": 1,
              "name": "Copper Ore"
            }
          ]
        }
      ],
      "products": [
        {
          "name": null,
          "components": [
            {
              "uuid": "Compendium.crafting-gathering.Crafting Results.YH1MDmkBFySnLW9Q",
              "quantity": 1,
              "name": "Copper Bar"
            }
          ]
        }
      ],
      "img": "icons/commodities/metal/ingot-stamped-copper.webp",
      "ownership": {
        "fnbYkpHtl1fog06u": "0",
        "TKTuPaWmviyTg5nq": "0",
        "ffm0hg4Ag7AxYV9M": "0",
        "mT0BpCNV1QD6le32": "0",
        "yPjxt8T9laEdUk5W": "0",
        "qvjyllfbPM1W0Emi": "0"
      }
    },
    {
      "name": "Tin Bar",
      "time": null,
      "macroName": "SmeltingCheck",
      "ingredientsInspection": "0",
      "productInspection": "0",
      "description": "",
      "tools": "",
      "ingredients": [
        {
          "name": null,
          "components": [
            {
              "uuid": "Compendium.crafting-gathering.Crafting Ingredients.C43QWbENrrSa74nj",
              "quantity": 1,
              "name": "Tin Ore"
            }
          ]
        }
      ],
      "products": [
        {
          "name": null,
          "components": [
            {
              "uuid": "Compendium.crafting-gathering.Crafting Results.MgBiSKcktQFThXT8",
              "quantity": 1,
              "name": "Tin Bar"
            }
          ]
        }
      ],
      "img": "icons/commodities/metal/ingot-engraved-silver.webp",
      "ownership": {
        "fnbYkpHtl1fog06u": "0",
        "TKTuPaWmviyTg5nq": "0",
        "ffm0hg4Ag7AxYV9M": "0",
        "mT0BpCNV1QD6le32": "0",
        "yPjxt8T9laEdUk5W": "0",
        "qvjyllfbPM1W0Emi": "0"
      }
    },
    {
      "name": "Bronze Bar",
      "time": null,
      "macroName": "SmeltingCheck",
      "ingredientsInspection": "0",
      "productInspection": "0",
      "description": "",
      "tools": "",
      "ingredients": [
        {
          "name": null,
          "components": [
            {
              "uuid": "Compendium.crafting-gathering.Crafting Results.YH1MDmkBFySnLW9Q",
              "quantity": 1,
              "name": "Copper Bar"
            }
          ]
        },
        {
          "name": null,
          "components": [
            {
              "uuid": "Compendium.crafting-gathering.Crafting Results.MgBiSKcktQFThXT8",
              "quantity": 1,
              "name": "Tin Bar"
            }
          ]
        }
      ],
      "products": [
        {
          "name": null,
          "components": [
            {
              "uuid": "Compendium.crafting-gathering.Crafting Results.9ANJL21vT2lQeqQC",
              "quantity": "2",
              "name": "Bronze Bar"
            }
          ]
        }
      ],
      "img": "icons/commodities/metal/ingot-stamped-bronze.webp",
      "ownership": {
        "fnbYkpHtl1fog06u": "0",
        "TKTuPaWmviyTg5nq": "0",
        "ffm0hg4Ag7AxYV9M": "0",
        "mT0BpCNV1QD6le32": "0",
        "yPjxt8T9laEdUk5W": "0",
        "qvjyllfbPM1W0Emi": "0"
      }
    },
    {
      "name": "Steel Bar",
      "time": null,
      "macroName": "SmeltingCheck",
      "ingredientsInspection": "0",
      "productInspection": "0",
      "description": "",
      "tools": "",
      "ingredients": [
        {
          "name": null,
          "components": [
            {
              "uuid": "Compendium.crafting-gathering.Crafting Results.wZA2iyajAihjTxVr",
              "quantity": "10",
              "name": "Iron Bar"
            }
          ]
        }
      ],
      "products": [
        {
          "name": null,
          "components": [
            {
              "uuid": "Compendium.crafting-gathering.Crafting Results.193t4EskuwTj7jWb",
              "quantity": 1,
              "name": "Steel Bar"
            }
          ]
        }
      ],
      "img": "icons/commodities/metal/ingot-rough-steel.webp",
      "ownership": {
        "fnbYkpHtl1fog06u": "0",
        "TKTuPaWmviyTg5nq": "0",
        "ffm0hg4Ag7AxYV9M": "0",
        "mT0BpCNV1QD6le32": "0",
        "yPjxt8T9laEdUk5W": "0",
        "qvjyllfbPM1W0Emi": "0"
      }
    },
    {
      "name": "Silver Bar",
      "time": null,
      "macroName": "SmeltingCheck",
      "ingredientsInspection": "0",
      "productInspection": "0",
      "description": "",
      "tools": "",
      "ingredients": [
        {
          "name": null,
          "components": [
            {
              "uuid": "Compendium.crafting-gathering.Crafting Ingredients.UigZxmPtGbkX8VC9",
              "quantity": 1,
              "name": "Silver Ore"
            }
          ]
        }
      ],
      "products": [
        {
          "name": null,
          "components": [
            {
              "uuid": "Compendium.crafting-gathering.Crafting Results.B35CVd2o2JoD9pra",
              "quantity": 1,
              "name": "Silver Bar"
            }
          ]
        }
      ],
      "img": "icons/commodities/metal/ingot-stamped-silver.webp",
      "ownership": {
        "fnbYkpHtl1fog06u": "0",
        "TKTuPaWmviyTg5nq": "0",
        "ffm0hg4Ag7AxYV9M": "0",
        "mT0BpCNV1QD6le32": "0",
        "yPjxt8T9laEdUk5W": "0",
        "qvjyllfbPM1W0Emi": "0"
      }
    },
    {
      "name": "Electrum Bar",
      "time": null,
      "macroName": "SmeltingCheck",
      "ingredientsInspection": "0",
      "productInspection": "0",
      "description": "",
      "tools": "",
      "ingredients": [
        {
          "name": null,
          "components": [
            {
              "uuid": "Compendium.crafting-gathering.Crafting Ingredients.LS1gmQoJidugzv6A",
              "quantity": 1,
              "name": "Electrum Ore"
            }
          ]
        }
      ],
      "products": [
        {
          "name": null,
          "components": [
            {
              "uuid": "Compendium.crafting-gathering.Crafting Results.4Jzq8HagVZbehUrI",
              "quantity": 1,
              "name": "Electrum Bar"
            }
          ]
        }
      ],
      "img": "icons/commodities/metal/ingot-stamped-green.webp",
      "ownership": {
        "fnbYkpHtl1fog06u": "0",
        "TKTuPaWmviyTg5nq": "0",
        "ffm0hg4Ag7AxYV9M": "0",
        "mT0BpCNV1QD6le32": "0",
        "yPjxt8T9laEdUk5W": "0",
        "qvjyllfbPM1W0Emi": "0"
      }
    },
    {
      "name": "Gold Bar",
      "time": null,
      "macroName": "SmeltingCheck",
      "ingredientsInspection": "0",
      "productInspection": "0",
      "description": "",
      "tools": "",
      "ingredients": [
        {
          "name": null,
          "components": [
            {
              "uuid": "Compendium.crafting-gathering.Crafting Ingredients.MUBg0j2Jdo2pfoQQ",
              "quantity": 1,
              "name": "Gold Ore"
            }
          ]
        }
      ],
      "products": [
        {
          "name": null,
          "components": [
            {
              "uuid": "Compendium.crafting-gathering.Crafting Results.bQsT6QfCwKve1AWR",
              "quantity": 1,
              "name": "Gold Bar"
            }
          ]
        }
      ],
      "img": "icons/commodities/metal/ingot-gold.webp",
      "ownership": {
        "fnbYkpHtl1fog06u": "0",
        "TKTuPaWmviyTg5nq": "0",
        "ffm0hg4Ag7AxYV9M": "0",
        "mT0BpCNV1QD6le32": "0",
        "yPjxt8T9laEdUk5W": "0",
        "qvjyllfbPM1W0Emi": "0"
      }
    },
    {
      "name": "Platinum Bar",
      "time": null,
      "macroName": "SmeltingCheck",
      "ingredientsInspection": "0",
      "productInspection": "0",
      "description": "",
      "tools": "",
      "ingredients": [
        {
          "name": null,
          "components": [
            {
              "uuid": "Compendium.crafting-gathering.Crafting Ingredients.YdnZ22Erw7e0d2aP",
              "quantity": 1,
              "name": "Platinum Ore"
            }
          ]
        }
      ],
      "products": [
        {
          "name": null,
          "components": [
            {
              "uuid": "Compendium.crafting-gathering.Crafting Results.M7Lzitpo37xGFVhn",
              "quantity": 1,
              "name": "Platinum Bar"
            }
          ]
        }
      ],
      "img": "icons/commodities/metal/ingot-silver.webp",
      "ownership": {
        "fnbYkpHtl1fog06u": "2",
        "TKTuPaWmviyTg5nq": "2",
        "ffm0hg4Ag7AxYV9M": "2",
        "mT0BpCNV1QD6le32": "2",
        "yPjxt8T9laEdUk5W": "2",
        "qvjyllfbPM1W0Emi": "0"
      }
    },
    {
      "name": "Adamantine Bar",
      "time": null,
      "macroName": "SmeltingCheck",
      "ingredientsInspection": "0",
      "productInspection": "0",
      "description": "",
      "tools": "",
      "ingredients": [
        {
          "name": null,
          "components": [
            {
              "uuid": "Compendium.crafting-gathering.Crafting Ingredients.JHyvQQlso48Pu1CH",
              "quantity": 1,
              "name": "Adamantine Ore"
            }
          ]
        }
      ],
      "products": [
        {
          "name": null,
          "components": [
            {
              "uuid": "Compendium.crafting-gathering.Crafting Results.ZQpKP8mrFbWGXZrK",
              "quantity": 1,
              "name": "Adamantine Bar"
            }
          ]
        }
      ],
      "img": "icons/commodities/metal/ingot-stamped-spiral.webp",
      "ownership": {
        "fnbYkpHtl1fog06u": "2",
        "TKTuPaWmviyTg5nq": "2",
        "ffm0hg4Ag7AxYV9M": "2",
        "mT0BpCNV1QD6le32": "2",
        "yPjxt8T9laEdUk5W": "2",
        "qvjyllfbPM1W0Emi": "0"
      }
    },
    {
      "name": "Mithral Bar",
      "time": null,
      "macroName": "SmeltingCheck",
      "ingredientsInspection": "0",
      "productInspection": "0",
      "description": "",
      "tools": "",
      "ingredients": [
        {
          "name": null,
          "components": [
            {
              "uuid": "Compendium.crafting-gathering.Crafting Ingredients.60bzJtpslPoUOR6Y",
              "quantity": 1,
              "name": "Mithral Ore"
            }
          ]
        }
      ],
      "products": [
        {
          "name": null,
          "components": [
            {
              "uuid": "Compendium.crafting-gathering.Crafting Results.xvHCwAtcXD4yYLX1",
              "quantity": 1,
              "name": "Mithral Bar"
            }
          ]
        }
      ],
      "img": "icons/commodities/metal/ingot-teal.webp",
      "ownership": {
        "fnbYkpHtl1fog06u": "2",
        "TKTuPaWmviyTg5nq": "2",
        "ffm0hg4Ag7AxYV9M": "2",
        "mT0BpCNV1QD6le32": "2",
        "yPjxt8T9laEdUk5W": "2",
        "qvjyllfbPM1W0Emi": "0"
      }
    },
    {
      "name": "Iron Ingot",
      "time": null,
      "macroName": "",
      "ingredientsInspection": "0",
      "productInspection": "0",
      "description": "",
      "tools": "",
      "ingredients": [
        {
          "name": null,
          "components": [
            {
              "uuid": "Compendium.crafting-gathering.Crafting Results.wZA2iyajAihjTxVr",
              "quantity": "10",
              "name": "Iron Bar"
            }
          ]
        }
      ],
      "products": [
        {
          "name": null,
          "components": [
            {
              "uuid": "Compendium.crafting-gathering.Crafting Results.IBUDc389465S3LGr",
              "quantity": 1,
              "name": "Iron Ingot"
            }
          ]
        }
      ],
      "img": "icons/commodities/metal/ingot-stack-steel.webp",
      "ownership": {
        "fnbYkpHtl1fog06u": "0",
        "TKTuPaWmviyTg5nq": "0",
        "ffm0hg4Ag7AxYV9M": "0",
        "mT0BpCNV1QD6le32": "0",
        "yPjxt8T9laEdUk5W": "0",
        "qvjyllfbPM1W0Emi": "0"
      }
    },
    {
      "name": "Steel Ingot",
      "time": null,
      "macroName": "",
      "ingredientsInspection": "0",
      "productInspection": "0",
      "description": "",
      "tools": "",
      "ingredients": [
        {
          "name": null,
          "components": [
            {
              "uuid": "Compendium.crafting-gathering.Crafting Results.193t4EskuwTj7jWb",
              "quantity": "10",
              "name": "Steel Bar"
            }
          ]
        }
      ],
      "products": [
        {
          "name": null,
          "components": [
            {
              "uuid": "Compendium.crafting-gathering.Crafting Results.POOu0IdiqTzzLxmj",
              "quantity": 1,
              "name": "Steel Ingot"
            }
          ]
        }
      ],
      "img": "icons/commodities/metal/ingot-stack-teal.webp",
      "ownership": {
        "fnbYkpHtl1fog06u": "0",
        "TKTuPaWmviyTg5nq": "0",
        "ffm0hg4Ag7AxYV9M": "0",
        "mT0BpCNV1QD6le32": "0",
        "yPjxt8T9laEdUk5W": "0",
        "qvjyllfbPM1W0Emi": "0"
      }
    },
    {
      "name": "Iron Bullion",
      "time": null,
      "macroName": "SmeltingCheck",
      "ingredientsInspection": "0",
      "productInspection": "0",
      "description": "",
      "tools": "",
      "ingredients": [
        {
          "name": null,
          "components": [
            {
              "uuid": "Compendium.crafting-gathering.Crafting Results.wZA2iyajAihjTxVr",
              "quantity": 1,
              "name": "Iron Bar"
            }
          ]
        }
      ],
      "products": [
        {
          "name": null,
          "components": [
            {
              "uuid": "Compendium.crafting-gathering.Crafting Results.OTGUnfGux9uBxWBT",
              "quantity": "10",
              "name": "Iron Bullion"
            }
          ]
        }
      ],
      "img": "icons/commodities/metal/ingot-iron.webp",
      "ownership": {
        "fnbYkpHtl1fog06u": "0",
        "TKTuPaWmviyTg5nq": "0",
        "ffm0hg4Ag7AxYV9M": "0",
        "mT0BpCNV1QD6le32": "0",
        "yPjxt8T9laEdUk5W": "0",
        "qvjyllfbPM1W0Emi": "0"
      }
    },
    {
      "name": "Copper Bullion",
      "time": null,
      "macroName": "SmeltingCheck",
      "ingredientsInspection": "0",
      "productInspection": "0",
      "description": "",
      "tools": "",
      "ingredients": [
        {
          "name": null,
          "components": [
            {
              "uuid": "Compendium.crafting-gathering.Crafting Results.YH1MDmkBFySnLW9Q",
              "quantity": 1,
              "name": "Copper Bar"
            }
          ]
        }
      ],
      "products": [
        {
          "name": null,
          "components": [
            {
              "uuid": "Compendium.crafting-gathering.Crafting Results.NtpwXNLSbTvYPUiv",
              "quantity": "10",
              "name": "Copper Bullion"
            }
          ]
        }
      ],
      "img": "icons/commodities/metal/ingot-stamped-copper.webp",
      "ownership": {
        "fnbYkpHtl1fog06u": "0",
        "TKTuPaWmviyTg5nq": "0",
        "ffm0hg4Ag7AxYV9M": "0",
        "mT0BpCNV1QD6le32": "0",
        "yPjxt8T9laEdUk5W": "0",
        "qvjyllfbPM1W0Emi": "0"
      }
    },
    {
      "name": "Tin Bullion",
      "time": null,
      "macroName": "SmeltingCheck",
      "ingredientsInspection": "0",
      "productInspection": "0",
      "description": "",
      "tools": "",
      "ingredients": [
        {
          "name": null,
          "components": [
            {
              "uuid": "Compendium.crafting-gathering.Crafting Results.MgBiSKcktQFThXT8",
              "quantity": 1,
              "name": "Tin Bar"
            }
          ]
        }
      ],
      "products": [
        {
          "name": null,
          "components": [
            {
              "uuid": "Compendium.crafting-gathering.Crafting Results.N9iEA5OGKbW4Np1O",
              "quantity": "10",
              "name": "Tin Bullion"
            }
          ]
        }
      ],
      "img": "icons/commodities/metal/ingot-engraved-silver.webp",
      "ownership": {
        "fnbYkpHtl1fog06u": "0",
        "TKTuPaWmviyTg5nq": "0",
        "ffm0hg4Ag7AxYV9M": "0",
        "mT0BpCNV1QD6le32": "0",
        "yPjxt8T9laEdUk5W": "0",
        "qvjyllfbPM1W0Emi": "0"
      }
    },
    {
      "name": "Bronze Bullion",
      "time": null,
      "macroName": "SmeltingCheck",
      "ingredientsInspection": "0",
      "productInspection": "0",
      "description": "",
      "tools": "",
      "ingredients": [
        {
          "name": null,
          "components": [
            {
              "uuid": "Compendium.crafting-gathering.Crafting Results.9ANJL21vT2lQeqQC",
              "quantity": 1,
              "name": "Bronze Bar"
            }
          ]
        }
      ],
      "products": [
        {
          "name": null,
          "components": [
            {
              "uuid": "Compendium.crafting-gathering.Crafting Results.IVwDw9KtDsffb2Ya",
              "quantity": "10",
              "name": "Bronze Bullion"
            }
          ]
        }
      ],
      "img": "icons/commodities/metal/ingot-stamped-bronze.webp",
      "ownership": {
        "fnbYkpHtl1fog06u": "0",
        "TKTuPaWmviyTg5nq": "0",
        "ffm0hg4Ag7AxYV9M": "0",
        "mT0BpCNV1QD6le32": "0",
        "yPjxt8T9laEdUk5W": "0",
        "qvjyllfbPM1W0Emi": "0"
      }
    },
    {
      "name": "Steel Bullion",
      "time": null,
      "macroName": "SmeltingCheck",
      "ingredientsInspection": "0",
      "productInspection": "0",
      "description": "",
      "tools": "",
      "ingredients": [
        {
          "name": null,
          "components": [
            {
              "uuid": "Compendium.crafting-gathering.Crafting Results.193t4EskuwTj7jWb",
              "quantity": 1,
              "name": "Steel Bar"
            }
          ]
        }
      ],
      "products": [
        {
          "name": null,
          "components": [
            {
              "uuid": "Compendium.crafting-gathering.Crafting Results.BJrLFCpDgdJ9kfkD",
              "quantity": "10",
              "name": "Steel Bullion"
            }
          ]
        }
      ],
      "img": "icons/commodities/metal/ingot-rough-steel.webp",
      "ownership": {
        "fnbYkpHtl1fog06u": "0",
        "TKTuPaWmviyTg5nq": "0",
        "ffm0hg4Ag7AxYV9M": "0",
        "mT0BpCNV1QD6le32": "0",
        "yPjxt8T9laEdUk5W": "0",
        "qvjyllfbPM1W0Emi": "0"
      }
    },
    {
      "name": "Silver Bullion",
      "time": null,
      "macroName": "SmeltingCheck",
      "ingredientsInspection": "0",
      "productInspection": "0",
      "description": "",
      "tools": "",
      "ingredients": [
        {
          "name": null,
          "components": [
            {
              "uuid": "Compendium.crafting-gathering.Crafting Results.B35CVd2o2JoD9pra",
              "quantity": 1,
              "name": "Silver Bar"
            }
          ]
        }
      ],
      "products": [
        {
          "name": null,
          "components": [
            {
              "uuid": "Compendium.crafting-gathering.Crafting Results.r1UnBiQs89OvlbYz",
              "quantity": "10",
              "name": "Silver Bullion"
            }
          ]
        }
      ],
      "img": "icons/commodities/metal/ingot-stamped-silver.webp",
      "ownership": {
        "fnbYkpHtl1fog06u": "0",
        "TKTuPaWmviyTg5nq": "0",
        "ffm0hg4Ag7AxYV9M": "0",
        "mT0BpCNV1QD6le32": "0",
        "yPjxt8T9laEdUk5W": "0",
        "qvjyllfbPM1W0Emi": "0"
      }
    },
    {
      "name": "Electrum Bullion",
      "time": null,
      "macroName": "SmeltingCheck",
      "ingredientsInspection": "0",
      "productInspection": "0",
      "description": "",
      "tools": "",
      "ingredients": [
        {
          "name": null,
          "components": [
            {
              "uuid": "Compendium.crafting-gathering.Crafting Results.4Jzq8HagVZbehUrI",
              "quantity": 1,
              "name": "Electrum Bar"
            }
          ]
        }
      ],
      "products": [
        {
          "name": null,
          "components": [
            {
              "uuid": "Compendium.crafting-gathering.Crafting Results.VQbLKDOAb7PaXRB3",
              "quantity": "10",
              "name": "Electrum Bullion"
            }
          ]
        }
      ],
      "img": "icons/commodities/metal/ingot-stamped-green.webp",
      "ownership": {
        "fnbYkpHtl1fog06u": "0",
        "TKTuPaWmviyTg5nq": "0",
        "ffm0hg4Ag7AxYV9M": "0",
        "mT0BpCNV1QD6le32": "0",
        "yPjxt8T9laEdUk5W": "0",
        "qvjyllfbPM1W0Emi": "0"
      }
    },
    {
      "name": "Gold Bullion",
      "time": null,
      "macroName": "SmeltingCheck",
      "ingredientsInspection": "0",
      "productInspection": "0",
      "description": "",
      "tools": "",
      "ingredients": [
        {
          "name": null,
          "components": [
            {
              "uuid": "Compendium.crafting-gathering.Crafting Results.bQsT6QfCwKve1AWR",
              "quantity": 1,
              "name": "Gold Bar"
            }
          ]
        }
      ],
      "products": [
        {
          "name": null,
          "components": [
            {
              "uuid": "Compendium.crafting-gathering.Crafting Results.jr3pQXXWa97ehzA1",
              "quantity": "10",
              "name": "Gold Bullion"
            }
          ]
        }
      ],
      "img": "icons/commodities/metal/ingot-gold.webp",
      "ownership": {
        "fnbYkpHtl1fog06u": "0",
        "TKTuPaWmviyTg5nq": "0",
        "ffm0hg4Ag7AxYV9M": "0",
        "mT0BpCNV1QD6le32": "0",
        "yPjxt8T9laEdUk5W": "0",
        "qvjyllfbPM1W0Emi": "0"
      }
    },
    {
      "name": "Platinum Bullion",
      "time": null,
      "macroName": "SmeltingCheck",
      "ingredientsInspection": "0",
      "productInspection": "0",
      "description": "",
      "tools": "",
      "ingredients": [
        {
          "name": null,
          "components": [
            {
              "uuid": "Compendium.crafting-gathering.Crafting Results.M7Lzitpo37xGFVhn",
              "quantity": 1,
              "name": "Platinum Bar"
            }
          ]
        }
      ],
      "products": [
        {
          "name": null,
          "components": [
            {
              "uuid": "Compendium.crafting-gathering.Crafting Results.uE3QY1usAbD4fNjI",
              "quantity": "10",
              "name": "Platinum Bullion"
            }
          ]
        }
      ],
      "img": "icons/commodities/metal/ingot-silver.webp",
      "ownership": {
        "fnbYkpHtl1fog06u": "0",
        "TKTuPaWmviyTg5nq": "0",
        "ffm0hg4Ag7AxYV9M": "0",
        "mT0BpCNV1QD6le32": "0",
        "yPjxt8T9laEdUk5W": "0",
        "qvjyllfbPM1W0Emi": "0"
      }
    },
    {
      "name": "Adamantine Bullion",
      "time": null,
      "macroName": "SmeltingCheck",
      "ingredientsInspection": "0",
      "productInspection": "0",
      "description": "",
      "tools": "",
      "ingredients": [
        {
          "name": null,
          "components": [
            {
              "uuid": "Compendium.crafting-gathering.Crafting Results.ZQpKP8mrFbWGXZrK",
              "quantity": 1,
              "name": "Adamantine Bar"
            }
          ]
        }
      ],
      "products": [
        {
          "name": null,
          "components": [
            {
              "uuid": "Compendium.crafting-gathering.Crafting Results.Roo1uHsmuu2e5VDW",
              "quantity": "10",
              "name": "Adamantine Bullion"
            }
          ]
        }
      ],
      "img": "icons/commodities/metal/ingot-stamped-spiral.webp",
      "ownership": {
        "fnbYkpHtl1fog06u": "0",
        "TKTuPaWmviyTg5nq": "0",
        "ffm0hg4Ag7AxYV9M": "0",
        "mT0BpCNV1QD6le32": "0",
        "yPjxt8T9laEdUk5W": "0",
        "qvjyllfbPM1W0Emi": "0"
      }
    },
    {
      "name": "Mithral Bullion",
      "time": null,
      "macroName": "SmeltingCheck",
      "ingredientsInspection": "0",
      "productInspection": "0",
      "description": "",
      "tools": "",
      "ingredients": [
        {
          "name": null,
          "components": [
            {
              "uuid": "Compendium.crafting-gathering.Crafting Results.xvHCwAtcXD4yYLX1",
              "quantity": 1,
              "name": "Mithral Bar"
            }
          ]
        }
      ],
      "products": [
        {
          "name": null,
          "components": [
            {
              "uuid": "Compendium.crafting-gathering.Crafting Results.TinsFGDA4NtCEngj",
              "quantity": "10",
              "name": "Mithral Bullion"
            }
          ]
        }
      ],
      "img": "icons/commodities/metal/ingot-teal.webp",
      "ownership": {
        "fnbYkpHtl1fog06u": "0",
        "TKTuPaWmviyTg5nq": "0",
        "ffm0hg4Ag7AxYV9M": "0",
        "mT0BpCNV1QD6le32": "0",
        "yPjxt8T9laEdUk5W": "0",
        "qvjyllfbPM1W0Emi": "0"
      }
    }
  ],
  "img": "icons/sundries/books/book-worn-brown-grey.webp",
  "documentName": "RecipeBook"
}