{
  "name": "Inscription",
  "description": "",
  "ownership": {
    "fnbYkpHtl1fog06u": "1",
    "TKTuPaWmviyTg5nq": "1",
    "ffm0hg4Ag7AxYV9M": "2",
    "mT0BpCNV1QD6le32": "2",
    "yPjxt8T9laEdUk5W": "2",
    "qvjyllfbPM1W0Emi": "1"
  },
  "tools": "Inscription Tools",
  "ingredientsInspection": "1",
  "productInspection": "1",
  "recipes": [
    {
      "name": "Cantrip Spell Scroll",
      "time": null,
      "macroName": "InscriptionCheck",
      "ingredientsInspection": "0",
      "productInspection": "0",
      "description": "",
      "tools": "",
      "ingredients": [
        {
          "name": null,
          "components": [
            {
              "uuid": "Compendium.dnd5e.items.WFQS2vT8ddrFjTJg",
              "quantity": 1,
              "name": "Parchment"
            }
          ]
        },
        {
          "name": null,
          "components": [
            {
              "uuid": "Compendium.dnd5e.items.dP7jMKyHTTgVb3ii",
              "quantity": 1,
              "name": "Ink Bottle"
            }
          ]
        },
        {
          "name": null,
          "components": [
            {
              "uuid": "Compendium.dnd5e.items.uVm7MiB71QblfnoY",
              "quantity": 1,
              "name": "Ink Pen"
            }
          ]
        },
        {
          "name": null,
          "components": [
            {
              "uuid": "Compendium.crafting-gathering.Crafting Ingredients.6gRPsmMe1Qw6Otap",
              "quantity": 1,
              "name": "Dream Clover"
            }
          ]
        }
      ],
      "products": [
        {
          "name": null,
          "components": [
            {
              "uuid": "Compendium.dnd5e.items.rQ6sO7HDWzqMhSI3",
              "quantity": 1,
              "name": "Spell Scroll Cantrip"
            }
          ]
        }
      ],
      "img": "icons/sundries/scrolls/scroll-bound-orange-tan.webp",
      "ownership": {
        "fnbYkpHtl1fog06u": "0",
        "TKTuPaWmviyTg5nq": "0",
        "ffm0hg4Ag7AxYV9M": "0",
        "mT0BpCNV1QD6le32": "0",
        "yPjxt8T9laEdUk5W": "0",
        "qvjyllfbPM1W0Emi": "0"
      }
    },
    {
      "name": "1st Level Spell Scroll",
      "time": null,
      "macroName": "InscriptionCheck",
      "ingredientsInspection": "0",
      "productInspection": "0",
      "description": "",
      "tools": "",
      "ingredients": [
        {
          "name": null,
          "components": [
            {
              "uuid": "Compendium.dnd5e.items.WFQS2vT8ddrFjTJg",
              "quantity": 1,
              "name": "Parchment"
            }
          ]
        },
        {
          "name": null,
          "components": [
            {
              "uuid": "Compendium.dnd5e.items.dP7jMKyHTTgVb3ii",
              "quantity": 1,
              "name": "Ink Bottle"
            }
          ]
        },
        {
          "name": null,
          "components": [
            {
              "uuid": "Compendium.dnd5e.items.uVm7MiB71QblfnoY",
              "quantity": 1,
              "name": "Ink Pen"
            }
          ]
        },
        {
          "name": null,
          "components": [
            {
              "uuid": "Compendium.crafting-gathering.Crafting Ingredients.2MigDXVnru2GI8IO",
              "quantity": 1,
              "name": "Goldleaf"
            }
          ]
        }
      ],
      "products": [
        {
          "name": null,
          "components": [
            {
              "uuid": "Compendium.dnd5e.items.9GSfMg0VOA2b4uFN",
              "quantity": 1,
              "name": "Spell Scroll 1st Level"
            }
          ]
        }
      ],
      "img": "icons/sundries/scrolls/scroll-bound-orange-tan.webp",
      "ownership": {
        "fnbYkpHtl1fog06u": "0",
        "TKTuPaWmviyTg5nq": "0",
        "ffm0hg4Ag7AxYV9M": "0",
        "mT0BpCNV1QD6le32": "0",
        "yPjxt8T9laEdUk5W": "0",
        "qvjyllfbPM1W0Emi": "0"
      }
    },
    {
      "name": "2nd Level Spell Scroll",
      "time": null,
      "macroName": "InscriptionCheck",
      "ingredientsInspection": "0",
      "productInspection": "0",
      "description": "",
      "tools": "",
      "ingredients": [
        {
          "name": null,
          "components": [
            {
              "uuid": "Compendium.dnd5e.items.WFQS2vT8ddrFjTJg",
              "quantity": 1,
              "name": "Parchment"
            }
          ]
        },
        {
          "name": null,
          "components": [
            {
              "uuid": "Compendium.dnd5e.items.dP7jMKyHTTgVb3ii",
              "quantity": 1,
              "name": "Ink Bottle"
            }
          ]
        },
        {
          "name": null,
          "components": [
            {
              "uuid": "Compendium.dnd5e.items.uVm7MiB71QblfnoY",
              "quantity": 1,
              "name": "Ink Pen"
            }
          ]
        },
        {
          "name": null,
          "components": [
            {
              "uuid": "Compendium.crafting-gathering.Crafting Ingredients.57LGNfaOn7IjNDM5",
              "quantity": 1,
              "name": "Baldur Vine"
            }
          ]
        }
      ],
      "products": [
        {
          "name": null,
          "components": [
            {
              "uuid": "Compendium.dnd5e.items.XdDp6CKh9qEvPTuS",
              "quantity": 1,
              "name": "Spell Scroll 2nd Level"
            }
          ]
        }
      ],
      "img": "icons/sundries/scrolls/scroll-bound-gold-brown.webp",
      "ownership": {
        "fnbYkpHtl1fog06u": "0",
        "TKTuPaWmviyTg5nq": "0",
        "ffm0hg4Ag7AxYV9M": "0",
        "mT0BpCNV1QD6le32": "0",
        "yPjxt8T9laEdUk5W": "0",
        "qvjyllfbPM1W0Emi": "0"
      }
    },
    {
      "name": "3rd Level Spell Scroll",
      "time": null,
      "macroName": "InscriptionCheck",
      "ingredientsInspection": "0",
      "productInspection": "0",
      "description": "",
      "tools": "",
      "ingredients": [
        {
          "name": null,
          "components": [
            {
              "uuid": "Compendium.dnd5e.items.WFQS2vT8ddrFjTJg",
              "quantity": 1,
              "name": "Parchment"
            }
          ]
        },
        {
          "name": null,
          "components": [
            {
              "uuid": "Compendium.dnd5e.items.dP7jMKyHTTgVb3ii",
              "quantity": 1,
              "name": "Ink Bottle"
            }
          ]
        },
        {
          "name": null,
          "components": [
            {
              "uuid": "Compendium.dnd5e.items.uVm7MiB71QblfnoY",
              "quantity": 1,
              "name": "Ink Pen"
            }
          ]
        },
        {
          "name": null,
          "components": [
            {
              "uuid": "Compendium.crafting-gathering.Crafting Ingredients.idFJGbQ3WjFuRrYl",
              "quantity": 1,
              "name": "Briarthorn"
            }
          ]
        }
      ],
      "products": [
        {
          "name": null,
          "components": [
            {
              "uuid": "Compendium.dnd5e.items.hqVKZie7x9w3Kqds",
              "quantity": 1,
              "name": "Spell Scroll 3rd Level"
            }
          ]
        }
      ],
      "img": "icons/sundries/scrolls/scroll-bound-gold-brown.webp",
      "ownership": {
        "fnbYkpHtl1fog06u": "0",
        "TKTuPaWmviyTg5nq": "0",
        "ffm0hg4Ag7AxYV9M": "0",
        "mT0BpCNV1QD6le32": "0",
        "yPjxt8T9laEdUk5W": "0",
        "qvjyllfbPM1W0Emi": "0"
      }
    },
    {
      "name": "4th Level Spell Scroll",
      "time": null,
      "macroName": "InscriptionCheck",
      "ingredientsInspection": "0",
      "productInspection": "0",
      "description": "",
      "tools": "",
      "ingredients": [
        {
          "name": null,
          "components": [
            {
              "uuid": "Compendium.dnd5e.items.WFQS2vT8ddrFjTJg",
              "quantity": 1,
              "name": "Parchment"
            }
          ]
        },
        {
          "name": null,
          "components": [
            {
              "uuid": "Compendium.dnd5e.items.dP7jMKyHTTgVb3ii",
              "quantity": 1,
              "name": "Ink Bottle"
            }
          ]
        },
        {
          "name": null,
          "components": [
            {
              "uuid": "Compendium.dnd5e.items.uVm7MiB71QblfnoY",
              "quantity": 1,
              "name": "Ink Pen"
            }
          ]
        },
        {
          "name": null,
          "components": [
            {
              "uuid": "Compendium.crafting-gathering.Crafting Ingredients.zz0RLBGMvihyEsiX",
              "quantity": 1,
              "name": "Bellcaps"
            }
          ]
        }
      ],
      "products": [
        {
          "name": null,
          "components": [
            {
              "uuid": "Compendium.dnd5e.items.DM7hzgL836ZyUFB1",
              "quantity": 1,
              "name": "Spell Scroll 4th Level"
            }
          ]
        }
      ],
      "img": "icons/sundries/scrolls/scroll-plain-red.webp",
      "ownership": {
        "fnbYkpHtl1fog06u": "0",
        "TKTuPaWmviyTg5nq": "0",
        "ffm0hg4Ag7AxYV9M": "0",
        "mT0BpCNV1QD6le32": "0",
        "yPjxt8T9laEdUk5W": "0",
        "qvjyllfbPM1W0Emi": "0"
      }
    },
    {
      "name": "5th Level Spell Scroll",
      "time": null,
      "macroName": "InscriptionCheck",
      "ingredientsInspection": "0",
      "productInspection": "0",
      "description": "",
      "tools": "",
      "ingredients": [
        {
          "name": null,
          "components": [
            {
              "uuid": "Compendium.dnd5e.items.WFQS2vT8ddrFjTJg",
              "quantity": 1,
              "name": "Parchment"
            }
          ]
        },
        {
          "name": null,
          "components": [
            {
              "uuid": "Compendium.dnd5e.items.dP7jMKyHTTgVb3ii",
              "quantity": 1,
              "name": "Ink Bottle"
            }
          ]
        },
        {
          "name": null,
          "components": [
            {
              "uuid": "Compendium.dnd5e.items.uVm7MiB71QblfnoY",
              "quantity": 1,
              "name": "Ink Pen"
            }
          ]
        },
        {
          "name": null,
          "components": [
            {
              "uuid": "Compendium.crafting-gathering.Crafting Ingredients.0wvYrVpCcDhL08JO",
              "quantity": 1,
              "name": "Springroot"
            }
          ]
        }
      ],
      "products": [
        {
          "name": null,
          "components": [
            {
              "uuid": "Compendium.dnd5e.items.wa1VF8TXHmkrrR35",
              "quantity": 1,
              "name": "Spell Scroll 5th Level"
            }
          ]
        }
      ],
      "img": "icons/sundries/scrolls/scroll-plain-red.webp",
      "ownership": {
        "fnbYkpHtl1fog06u": "2",
        "TKTuPaWmviyTg5nq": "2",
        "ffm0hg4Ag7AxYV9M": "2",
        "mT0BpCNV1QD6le32": "2",
        "yPjxt8T9laEdUk5W": "2",
        "qvjyllfbPM1W0Emi": "0"
      }
    },
    {
      "name": "6th Level Spell Scroll",
      "time": null,
      "macroName": "InscriptionCheck",
      "ingredientsInspection": "0",
      "productInspection": "0",
      "description": "",
      "tools": "",
      "ingredients": [
        {
          "name": null,
          "components": [
            {
              "uuid": "Compendium.dnd5e.items.WFQS2vT8ddrFjTJg",
              "quantity": 1,
              "name": "Parchment"
            }
          ]
        },
        {
          "name": null,
          "components": [
            {
              "uuid": "Compendium.dnd5e.items.dP7jMKyHTTgVb3ii",
              "quantity": 1,
              "name": "Ink Bottle"
            }
          ]
        },
        {
          "name": null,
          "components": [
            {
              "uuid": "Compendium.dnd5e.items.uVm7MiB71QblfnoY",
              "quantity": 1,
              "name": "Ink Pen"
            }
          ]
        },
        {
          "name": null,
          "components": [
            {
              "uuid": "Compendium.crafting-gathering.Crafting Ingredients.oRogLCWv6ditdr3b",
              "quantity": 1,
              "name": "Moonstem"
            }
          ]
        }
      ],
      "products": [
        {
          "name": null,
          "components": [
            {
              "uuid": "Compendium.dnd5e.items.tI3rWx4bxefNCexS",
              "quantity": 1,
              "name": "Spell Scroll 6th Level"
            }
          ]
        }
      ],
      "img": "icons/sundries/scrolls/scroll-bound-sealed-red-green.webp",
      "ownership": {
        "fnbYkpHtl1fog06u": "2",
        "TKTuPaWmviyTg5nq": "2",
        "ffm0hg4Ag7AxYV9M": "2",
        "mT0BpCNV1QD6le32": "2",
        "yPjxt8T9laEdUk5W": "2",
        "qvjyllfbPM1W0Emi": "0"
      }
    },
    {
      "name": "7th Level Spell Scroll",
      "time": null,
      "macroName": "InscriptionCheck",
      "ingredientsInspection": "0",
      "productInspection": "0",
      "description": "",
      "tools": "",
      "ingredients": [
        {
          "name": null,
          "components": [
            {
              "uuid": "Compendium.dnd5e.items.WFQS2vT8ddrFjTJg",
              "quantity": 1,
              "name": "Parchment"
            }
          ]
        },
        {
          "name": null,
          "components": [
            {
              "uuid": "Compendium.dnd5e.items.dP7jMKyHTTgVb3ii",
              "quantity": 1,
              "name": "Ink Bottle"
            }
          ]
        },
        {
          "name": null,
          "components": [
            {
              "uuid": "Compendium.dnd5e.items.uVm7MiB71QblfnoY",
              "quantity": 1,
              "name": "Ink Pen"
            }
          ]
        },
        {
          "name": null,
          "components": [
            {
              "uuid": "Compendium.crafting-gathering.Crafting Ingredients.vTdYmtRqkmAE9eTF",
              "quantity": 1,
              "name": "Strange Berries"
            }
          ]
        }
      ],
      "products": [
        {
          "name": null,
          "components": [
            {
              "uuid": "Compendium.dnd5e.items.mtyw4NS1s7j2EJaD",
              "quantity": 1,
              "name": "Spell Scroll 7th Level"
            }
          ]
        }
      ],
      "img": "icons/sundries/scrolls/scroll-bound-sealed-red-green.webp",
      "ownership": {
        "fnbYkpHtl1fog06u": "2",
        "TKTuPaWmviyTg5nq": "2",
        "ffm0hg4Ag7AxYV9M": "2",
        "mT0BpCNV1QD6le32": "2",
        "yPjxt8T9laEdUk5W": "2",
        "qvjyllfbPM1W0Emi": "0"
      }
    },
    {
      "name": "8th Level Spell Scroll",
      "time": null,
      "macroName": "InscriptionCheck",
      "ingredientsInspection": "0",
      "productInspection": "0",
      "description": "",
      "tools": "",
      "ingredients": [
        {
          "name": null,
          "components": [
            {
              "uuid": "Compendium.dnd5e.items.WFQS2vT8ddrFjTJg",
              "quantity": 1,
              "name": "Parchment"
            }
          ]
        },
        {
          "name": null,
          "components": [
            {
              "uuid": "Compendium.dnd5e.items.dP7jMKyHTTgVb3ii",
              "quantity": 1,
              "name": "Ink Bottle"
            }
          ]
        },
        {
          "name": null,
          "components": [
            {
              "uuid": "Compendium.dnd5e.items.uVm7MiB71QblfnoY",
              "quantity": 1,
              "name": "Ink Pen"
            }
          ]
        },
        {
          "name": null,
          "components": [
            {
              "uuid": "Compendium.crafting-gathering.Crafting Ingredients.hHzWp77mpGtdQDfE",
              "quantity": 1,
              "name": "Thornwood Vine"
            }
          ]
        }
      ],
      "products": [
        {
          "name": null,
          "components": [
            {
              "uuid": "Compendium.dnd5e.items.aOrinPg7yuDZEuWr",
              "quantity": 1,
              "name": "Spell Scroll 8th Level"
            }
          ]
        }
      ],
      "img": "icons/sundries/scrolls/scroll-bound-sealed-red-green.webp",
      "ownership": {
        "fnbYkpHtl1fog06u": "2",
        "TKTuPaWmviyTg5nq": "2",
        "ffm0hg4Ag7AxYV9M": "2",
        "mT0BpCNV1QD6le32": "2",
        "yPjxt8T9laEdUk5W": "2",
        "qvjyllfbPM1W0Emi": "0"
      }
    },
    {
      "name": "9th Level Spell Scroll",
      "time": null,
      "macroName": "InscriptionCheck",
      "ingredientsInspection": "0",
      "productInspection": "0",
      "description": "",
      "tools": "",
      "ingredients": [
        {
          "name": null,
          "components": [
            {
              "uuid": "Compendium.dnd5e.items.WFQS2vT8ddrFjTJg",
              "quantity": 1,
              "name": "Parchment"
            }
          ]
        },
        {
          "name": null,
          "components": [
            {
              "uuid": "Compendium.dnd5e.items.dP7jMKyHTTgVb3ii",
              "quantity": 1,
              "name": "Ink Bottle"
            }
          ]
        },
        {
          "name": null,
          "components": [
            {
              "uuid": "Compendium.dnd5e.items.uVm7MiB71QblfnoY",
              "quantity": 1,
              "name": "Ink Pen"
            }
          ]
        },
        {
          "name": null,
          "components": [
            {
              "uuid": "Compendium.crafting-gathering.Crafting Ingredients.mLzwpxeaO7KvEAms",
              "quantity": 1,
              "name": "Magic Mushrooms"
            }
          ]
        }
      ],
      "products": [
        {
          "name": null,
          "components": [
            {
              "uuid": "Compendium.dnd5e.items.O4YbkJkLlnsgUszZ",
              "quantity": 1,
              "name": "Spell Scroll 9th Level"
            }
          ]
        }
      ],
      "img": "icons/sundries/scrolls/scroll-runed-brown-purple.webp",
      "ownership": {
        "fnbYkpHtl1fog06u": "2",
        "TKTuPaWmviyTg5nq": "2",
        "ffm0hg4Ag7AxYV9M": "2",
        "mT0BpCNV1QD6le32": "2",
        "yPjxt8T9laEdUk5W": "2",
        "qvjyllfbPM1W0Emi": "0"
      }
    },
    {
      "name": "Book",
      "time": null,
      "macroName": "InscriptionCheck",
      "ingredientsInspection": "0",
      "productInspection": "0",
      "description": "",
      "tools": "",
      "ingredients": [
        {
          "name": null,
          "components": [
            {
              "uuid": "Compendium.crafting-gathering.Crafting Ingredients.GmTBdQLCfS1kZAE0",
              "quantity": "5",
              "name": "#02 Cotton Cloth"
            }
          ]
        }
      ],
      "products": [
        {
          "name": null,
          "components": [
            {
              "uuid": "Compendium.dnd5e.items.RMi9efrW9ouHVLI2",
              "quantity": 1,
              "name": "Book"
            }
          ]
        }
      ],
      "img": "icons/sundries/books/book-worn-brown.webp",
      "ownership": {
        "fnbYkpHtl1fog06u": "0",
        "TKTuPaWmviyTg5nq": "0",
        "ffm0hg4Ag7AxYV9M": "0",
        "mT0BpCNV1QD6le32": "0",
        "yPjxt8T9laEdUk5W": "0",
        "qvjyllfbPM1W0Emi": "0"
      }
    },
    {
      "name": "Ink Bottle",
      "time": null,
      "macroName": "InscriptionCheck",
      "ingredientsInspection": "0",
      "productInspection": "0",
      "description": "",
      "tools": "",
      "ingredients": [
        {
          "name": null,
          "components": [
            {
              "uuid": "Compendium.crafting-gathering.Crafting Ingredients.EiiJKtUi2BblcZn4",
              "quantity": 1,
              "name": "Lurkwood Berries"
            }
          ]
        }
      ],
      "products": [
        {
          "name": null,
          "components": [
            {
              "uuid": "Compendium.dnd5e.items.dP7jMKyHTTgVb3ii",
              "quantity": 1,
              "name": "Ink Bottle"
            }
          ]
        }
      ],
      "img": "icons/consumables/potions/bottle-bulb-empty-glass.webp",
      "ownership": {
        "fnbYkpHtl1fog06u": "0",
        "TKTuPaWmviyTg5nq": "0",
        "ffm0hg4Ag7AxYV9M": "0",
        "mT0BpCNV1QD6le32": "0",
        "yPjxt8T9laEdUk5W": "0",
        "qvjyllfbPM1W0Emi": "0"
      }
    },
    {
      "name": "Ink Pen",
      "time": null,
      "macroName": "InscriptionCheck",
      "ingredientsInspection": "0",
      "productInspection": "0",
      "description": "",
      "tools": "",
      "ingredients": [
        {
          "name": null,
          "components": [
            {
              "uuid": "Compendium.crafting-gathering.Crafting Ingredients.C9AflfyfYds82Evt",
              "quantity": 1,
              "name": "Quill"
            }
          ]
        }
      ],
      "products": [
        {
          "name": null,
          "components": [
            {
              "uuid": "Compendium.world.ddb-tims_world_v3-ddb-items.jqVeYH2EbLqFB7jo",
              "quantity": 1,
              "name": "Ink Pen"
            }
          ]
        }
      ],
      "img": "icons/commodities/materials/feather-red-.webp",
      "ownership": {
        "fnbYkpHtl1fog06u": "0",
        "TKTuPaWmviyTg5nq": "0",
        "ffm0hg4Ag7AxYV9M": "0",
        "mT0BpCNV1QD6le32": "0",
        "yPjxt8T9laEdUk5W": "0",
        "qvjyllfbPM1W0Emi": "0"
      }
    },
    {
      "name": "Paper",
      "time": null,
      "macroName": "InscriptionCheck",
      "ingredientsInspection": "0",
      "productInspection": "0",
      "description": "",
      "tools": "",
      "ingredients": [
        {
          "name": null,
          "components": [
            {
              "uuid": "Compendium.crafting-gathering.Crafting Ingredients.sbN7TBGFGnmdXfDB",
              "quantity": 1,
              "name": "#06 Canvas Cloth"
            }
          ]
        }
      ],
      "products": [
        {
          "name": null,
          "components": [
            {
              "uuid": "Compendium.dnd5e.items.fNMkFCOvMiW2Rh3t",
              "quantity": 1,
              "name": "Paper"
            }
          ]
        }
      ],
      "img": "icons/sundries/documents/document-bound-white.webp",
      "ownership": {
        "fnbYkpHtl1fog06u": "0",
        "TKTuPaWmviyTg5nq": "0",
        "ffm0hg4Ag7AxYV9M": "0",
        "mT0BpCNV1QD6le32": "0",
        "yPjxt8T9laEdUk5W": "0",
        "qvjyllfbPM1W0Emi": "0"
      }
    },
    {
      "name": "Parchment",
      "time": null,
      "macroName": "InscriptionCheck",
      "ingredientsInspection": "0",
      "productInspection": "0",
      "description": "",
      "tools": "",
      "ingredients": [
        {
          "name": null,
          "components": [
            {
              "uuid": "Compendium.crafting-gathering.Crafting Ingredients.asDENsjGMCzCOZRv",
              "quantity": 1,
              "name": "#08 Canvas Cloth"
            }
          ]
        }
      ],
      "products": [
        {
          "name": null,
          "components": [
            {
              "uuid": "Compendium.dnd5e.items.WFQS2vT8ddrFjTJg",
              "quantity": 1,
              "name": "Parchment"
            }
          ]
        }
      ],
      "img": "icons/sundries/documents/document-symbol-circle-gold-red.webp",
      "ownership": {
        "fnbYkpHtl1fog06u": "0",
        "TKTuPaWmviyTg5nq": "0",
        "ffm0hg4Ag7AxYV9M": "0",
        "mT0BpCNV1QD6le32": "0",
        "yPjxt8T9laEdUk5W": "0",
        "qvjyllfbPM1W0Emi": "0"
      }
    },
    {
      "name": "Spellbook",
      "time": null,
      "macroName": "InscriptionCheck",
      "ingredientsInspection": "0",
      "productInspection": "0",
      "description": "",
      "tools": "",
      "ingredients": [
        {
          "name": null,
          "components": [
            {
              "uuid": "Compendium.crafting-gathering.Crafting Ingredients.gJ6BKqNrRAZBhbU1",
              "quantity": "5",
              "name": "#05 Linen Cloth"
            }
          ]
        }
      ],
      "products": [
        {
          "name": null,
          "components": [
            {
              "uuid": "Compendium.dnd5e.items.LBajgahniRJbAgDr",
              "quantity": 1,
              "name": "Spellbook"
            }
          ]
        }
      ],
      "img": "icons/sundries/books/book-embossed-jewel-gold-purple.webp",
      "ownership": {
        "fnbYkpHtl1fog06u": "0",
        "TKTuPaWmviyTg5nq": "0",
        "ffm0hg4Ag7AxYV9M": "0",
        "mT0BpCNV1QD6le32": "0",
        "yPjxt8T9laEdUk5W": "0",
        "qvjyllfbPM1W0Emi": "0"
      }
    },
    {
      "name": "Forgery Kit",
      "time": null,
      "macroName": "InscriptionCheck",
      "ingredientsInspection": "0",
      "productInspection": "0",
      "description": "",
      "tools": "",
      "ingredients": [
        {
          "name": null,
          "components": [
            {
              "uuid": "Compendium.crafting-gathering.Crafting Ingredients.JJRgVBP5tqvDuTeI",
              "quantity": "3",
              "name": "#08 Linen Cloth"
            }
          ]
        }
      ],
      "products": [
        {
          "name": null,
          "components": [
            {
              "uuid": "Compendium.dnd5e.items.cG3m4YlHfbQlLEOx",
              "quantity": 1,
              "name": "Forgery Kit"
            }
          ]
        }
      ],
      "img": "icons/sundries/documents/envelope-sealed-red-tan.webp",
      "ownership": {
        "fnbYkpHtl1fog06u": "0",
        "TKTuPaWmviyTg5nq": "0",
        "ffm0hg4Ag7AxYV9M": "0",
        "mT0BpCNV1QD6le32": "0",
        "yPjxt8T9laEdUk5W": "0",
        "qvjyllfbPM1W0Emi": "0"
      }
    }
  ],
  "img": "icons/sundries/books/book-worn-brown-grey.webp",
  "documentName": "RecipeBook"
}