{
  "name": "Leather Working",
  "description": "",
  "ownership": {
    "fnbYkpHtl1fog06u": "2",
    "TKTuPaWmviyTg5nq": "2",
    "ffm0hg4Ag7AxYV9M": "2",
    "mT0BpCNV1QD6le32": "2",
    "yPjxt8T9laEdUk5W": "2",
    "qvjyllfbPM1W0Emi": "1"
  },
  "tools": "Leatherworker's Tools",
  "ingredientsInspection": "1",
  "productInspection": "1",
  "recipes": [
    {
      "name": "Leather Armor",
      "time": null,
      "macroName": "LeatherWorkingCheck",
      "ingredientsInspection": "0",
      "productInspection": "0",
      "description": "",
      "tools": "",
      "ingredients": [
        {
          "name": null,
          "components": [
            {
              "uuid": "Compendium.crafting-gathering.Crafting Ingredients.fANKy1fM00Ajf6v6",
              "quantity": "5",
              "name": "Light Leather"
            }
          ]
        }
      ],
      "products": [
        {
          "name": null,
          "components": [
            {
              "uuid": "Compendium.dnd5e.items.WwdpHLXGX5r8uZu5",
              "quantity": 1,
              "name": "Leather Armor"
            }
          ]
        }
      ],
      "img": "icons/equipment/chest/breastplate-quilted-brown.webp",
      "ownership": {
        "fnbYkpHtl1fog06u": "0",
        "TKTuPaWmviyTg5nq": "0",
        "ffm0hg4Ag7AxYV9M": "0",
        "mT0BpCNV1QD6le32": "0",
        "yPjxt8T9laEdUk5W": "0",
        "qvjyllfbPM1W0Emi": "0"
      }
    },
    {
      "name": "Studded Leather Armor",
      "time": null,
      "macroName": "LeatherWorkingCheck",
      "ingredientsInspection": "0",
      "productInspection": "0",
      "description": "",
      "tools": "",
      "ingredients": [
        {
          "name": null,
          "components": [
            {
              "uuid": "Compendium.crafting-gathering.Crafting Ingredients.PYaGZr7wvIt4ua5z",
              "quantity": 1,
              "name": "Medium Leather"
            }
          ]
        }
      ],
      "products": [
        {
          "name": null,
          "components": [
            {
              "uuid": "Compendium.dnd5e.items.TIV3B1vbrVHIhQAm",
              "quantity": 1,
              "name": "Studded Leather Armor"
            }
          ]
        }
      ],
      "img": "icons/equipment/chest/breastplate-rivited-red.webp",
      "ownership": {
        "fnbYkpHtl1fog06u": "0",
        "TKTuPaWmviyTg5nq": "0",
        "ffm0hg4Ag7AxYV9M": "0",
        "mT0BpCNV1QD6le32": "0",
        "yPjxt8T9laEdUk5W": "0",
        "qvjyllfbPM1W0Emi": "0"
      }
    },
    {
      "name": "Hide Armor",
      "time": null,
      "macroName": "LeatherWorkingCheck",
      "ingredientsInspection": "0",
      "productInspection": "0",
      "description": "",
      "tools": "",
      "ingredients": [
        {
          "name": null,
          "components": [
            {
              "uuid": "Compendium.crafting-gathering.Crafting Ingredients.0s8O0CFmtkRQpmft",
              "quantity": "10",
              "name": "Light Hide"
            }
          ]
        }
      ],
      "products": [
        {
          "name": null,
          "components": [
            {
              "uuid": "Compendium.dnd5e.items.n1V07puo0RQxPGuF",
              "quantity": 1,
              "name": "Hide Armor"
            }
          ]
        }
      ],
      "img": "icons/equipment/chest/breastplate-scale-leather.webp",
      "ownership": {
        "fnbYkpHtl1fog06u": "0",
        "TKTuPaWmviyTg5nq": "0",
        "ffm0hg4Ag7AxYV9M": "0",
        "mT0BpCNV1QD6le32": "0",
        "yPjxt8T9laEdUk5W": "0",
        "qvjyllfbPM1W0Emi": "0"
      }
    },
    {
      "name": "Whip",
      "time": null,
      "macroName": "LeatherWorkingCheck",
      "ingredientsInspection": "0",
      "productInspection": "0",
      "description": "",
      "tools": "",
      "ingredients": [
        {
          "name": null,
          "components": [
            {
              "uuid": "Compendium.crafting-gathering.Crafting Ingredients.fANKy1fM00Ajf6v6",
              "quantity": 1,
              "name": "Light Leather"
            }
          ]
        }
      ],
      "products": [
        {
          "name": null,
          "components": [
            {
              "uuid": "Compendium.dnd5e.items.QKTyxoO0YDnAsbYe",
              "quantity": 1,
              "name": "Whip"
            }
          ]
        }
      ],
      "img": "icons/weapons/misc/whip-red-yellow.webp",
      "ownership": {
        "fnbYkpHtl1fog06u": "0",
        "TKTuPaWmviyTg5nq": "0",
        "ffm0hg4Ag7AxYV9M": "0",
        "mT0BpCNV1QD6le32": "0",
        "yPjxt8T9laEdUk5W": "0",
        "qvjyllfbPM1W0Emi": "0"
      }
    },
    {
      "name": "Backpack",
      "time": null,
      "macroName": "LeatherWorkingCheck",
      "ingredientsInspection": "0",
      "productInspection": "0",
      "description": "",
      "tools": "",
      "ingredients": [
        {
          "name": null,
          "components": [
            {
              "uuid": "Compendium.crafting-gathering.Crafting Ingredients.fANKy1fM00Ajf6v6",
              "quantity": "1",
              "name": "Light Leather"
            }
          ]
        }
      ],
      "products": [
        {
          "name": null,
          "components": [
            {
              "uuid": "Compendium.crafting-gathering.Crafting Results.elZoIbqHJPaAtoDZ",
              "quantity": 1,
              "name": "Backpack"
            }
          ]
        }
      ],
      "img": "icons/containers/bags/pack-simple-leather.webp",
      "ownership": {
        "fnbYkpHtl1fog06u": "0",
        "TKTuPaWmviyTg5nq": "0",
        "ffm0hg4Ag7AxYV9M": "0",
        "mT0BpCNV1QD6le32": "0",
        "yPjxt8T9laEdUk5W": "0",
        "qvjyllfbPM1W0Emi": "0"
      }
    },
    {
      "name": "Component Pouch",
      "time": null,
      "macroName": "LeatherWorkingCheck",
      "ingredientsInspection": "0",
      "productInspection": "0",
      "description": "",
      "tools": "",
      "ingredients": [
        {
          "name": null,
          "components": [
            {
              "uuid": "Compendium.crafting-gathering.Crafting Ingredients.AFpRMw0wwZNGilbM",
              "quantity": 1,
              "name": "Medium Hide"
            }
          ]
        }
      ],
      "products": [
        {
          "name": null,
          "components": [
            {
              "uuid": "Compendium.dnd5e.items.eZGmdOhaTWMicXPW",
              "quantity": 1,
              "name": "Component Pouch"
            }
          ]
        }
      ],
      "img": "icons/containers/bags/pack-simple-leather-tan.webp",
      "ownership": {
        "fnbYkpHtl1fog06u": "0",
        "TKTuPaWmviyTg5nq": "0",
        "ffm0hg4Ag7AxYV9M": "0",
        "mT0BpCNV1QD6le32": "0",
        "yPjxt8T9laEdUk5W": "0",
        "qvjyllfbPM1W0Emi": "0"
      }
    },
    {
      "name": "Pouch",
      "time": null,
      "macroName": "LeatherWorkingCheck",
      "ingredientsInspection": "0",
      "productInspection": "0",
      "description": "",
      "tools": "",
      "ingredients": [
        {
          "name": null,
          "components": [
            {
              "uuid": "Compendium.crafting-gathering.Crafting Ingredients.YMcug1QWymvTKrat",
              "quantity": 1,
              "name": "Rugged Leather"
            }
          ]
        }
      ],
      "products": [
        {
          "name": null,
          "components": [
            {
              "uuid": "Item.b3wNcBkleyyW2EK9",
              "quantity": 1,
              "name": "Pouch"
            }
          ]
        }
      ],
      "img": "icons/containers/bags/coinpouch-simple-tan.webp",
      "ownership": {
        "fnbYkpHtl1fog06u": "0",
        "TKTuPaWmviyTg5nq": "0",
        "ffm0hg4Ag7AxYV9M": "0",
        "mT0BpCNV1QD6le32": "0",
        "yPjxt8T9laEdUk5W": "0",
        "qvjyllfbPM1W0Emi": "0"
      }
    },
    {
      "name": "Quiver",
      "time": null,
      "macroName": "LeatherWorkingCheck",
      "ingredientsInspection": "0",
      "productInspection": "0",
      "description": "",
      "tools": "",
      "ingredients": [
        {
          "name": null,
          "components": [
            {
              "uuid": "Compendium.crafting-gathering.Crafting Ingredients.0s8O0CFmtkRQpmft",
              "quantity": 1,
              "name": "Light Hide"
            }
          ]
        }
      ],
      "products": [
        {
          "name": null,
          "components": [
            {
              "uuid": "Compendium.crafting-gathering.Crafting Results.ZRmHV8A43qPwLifZ",
              "quantity": 1,
              "name": "Quiver"
            }
          ]
        }
      ],
      "img": "icons/containers/ammunition/arrows-quiver-black.webp",
      "ownership": {
        "fnbYkpHtl1fog06u": "0",
        "TKTuPaWmviyTg5nq": "0",
        "ffm0hg4Ag7AxYV9M": "0",
        "mT0BpCNV1QD6le32": "0",
        "yPjxt8T9laEdUk5W": "0",
        "qvjyllfbPM1W0Emi": "0"
      }
    },
    {
      "name": "Waterskin",
      "time": null,
      "macroName": "LeatherWorkingCheck",
      "ingredientsInspection": "0",
      "productInspection": "0",
      "description": "",
      "tools": "",
      "ingredients": [
        {
          "name": null,
          "components": [
            {
              "uuid": "Compendium.crafting-gathering.Crafting Ingredients.a2gaiucxERd8ofax",
              "quantity": 1,
              "name": "Rugged Hide"
            }
          ]
        }
      ],
      "products": [
        {
          "name": null,
          "components": [
            {
              "uuid": "Compendium.dnd5e.items.Uv0ilmzbWvqmlCVH",
              "quantity": 1,
              "name": "Waterskin"
            }
          ]
        }
      ],
      "img": "icons/sundries/survival/wetskin-leather-purple.webp",
      "ownership": {
        "fnbYkpHtl1fog06u": "0",
        "TKTuPaWmviyTg5nq": "0",
        "ffm0hg4Ag7AxYV9M": "0",
        "mT0BpCNV1QD6le32": "0",
        "yPjxt8T9laEdUk5W": "0",
        "qvjyllfbPM1W0Emi": "0"
      }
    }
  ],
  "img": "icons/sundries/books/book-worn-brown-grey.webp",
  "documentName": "RecipeBook"
}