{
  "name": "Smith",
  "description": "",
  "ownership": {
    "fnbYkpHtl1fog06u": "2",
    "TKTuPaWmviyTg5nq": "2",
    "ffm0hg4Ag7AxYV9M": "2",
    "mT0BpCNV1QD6le32": "2",
    "yPjxt8T9laEdUk5W": "1",
    "qvjyllfbPM1W0Emi": "1"
  },
  "tools": "Smith's Tools",
  "ingredientsInspection": "1",
  "productInspection": "1",
  "recipes": [
    {
      "name": "Chain Shirt",
      "time": null,
      "macroName": "SmithCheck",
      "ingredientsInspection": "0",
      "productInspection": "0",
      "description": "",
      "tools": "",
      "ingredients": [
        {
          "name": null,
          "components": [
            {
              "uuid": "Compendium.crafting-gathering.Crafting Results.193t4EskuwTj7jWb",
              "quantity": "5",
              "name": "Steel Bar"
            }
          ]
        }
      ],
      "products": [
        {
          "name": null,
          "components": [
            {
              "uuid": "Compendium.dnd5e.items.p2zChy24ZJdVqMSH",
              "quantity": 1,
              "name": "Chain Shirt"
            }
          ]
        }
      ],
      "img": "icons/equipment/chest/breastplate-metal-scaled-grey.webp",
      "ownership": {
        "fnbYkpHtl1fog06u": "0",
        "TKTuPaWmviyTg5nq": "0",
        "ffm0hg4Ag7AxYV9M": "0",
        "mT0BpCNV1QD6le32": "0",
        "yPjxt8T9laEdUk5W": "0",
        "qvjyllfbPM1W0Emi": "0"
      }
    },
    {
      "name": "Scale Mail",
      "time": null,
      "macroName": "SmithCheck",
      "ingredientsInspection": "0",
      "productInspection": "0",
      "description": "",
      "tools": "",
      "ingredients": [
        {
          "name": null,
          "components": [
            {
              "uuid": "Compendium.crafting-gathering.Crafting Results.193t4EskuwTj7jWb",
              "quantity": "5",
              "name": "Steel Bar"
            }
          ]
        }
      ],
      "products": [
        {
          "name": null,
          "components": [
            {
              "uuid": "Compendium.dnd5e.items.XmnlF5fgIO3tg6TG",
              "quantity": 1,
              "name": "Scale Mail"
            }
          ]
        }
      ],
      "img": "icons/equipment/chest/breastplate-metal-scaled-grey.webp",
      "ownership": {
        "fnbYkpHtl1fog06u": "0",
        "TKTuPaWmviyTg5nq": "0",
        "ffm0hg4Ag7AxYV9M": "0",
        "mT0BpCNV1QD6le32": "0",
        "yPjxt8T9laEdUk5W": "0",
        "qvjyllfbPM1W0Emi": "0"
      }
    },
    {
      "name": "Breastplate",
      "time": null,
      "macroName": "SmithCheck",
      "ingredientsInspection": "0",
      "productInspection": "0",
      "description": "",
      "tools": "",
      "ingredients": [
        {
          "name": null,
          "components": [
            {
              "uuid": "Compendium.crafting-gathering.Crafting Results.POOu0IdiqTzzLxmj",
              "quantity": "4",
              "name": "Steel Ingot"
            }
          ]
        }
      ],
      "products": [
        {
          "name": null,
          "components": [
            {
              "uuid": "Compendium.dnd5e.items.SK2HATQ4abKUlV8i",
              "quantity": 1,
              "name": "Breastplate"
            }
          ]
        }
      ],
      "img": "icons/equipment/chest/breastplate-layered-steel-black.webp",
      "ownership": {
        "fnbYkpHtl1fog06u": "0",
        "TKTuPaWmviyTg5nq": "0",
        "ffm0hg4Ag7AxYV9M": "0",
        "mT0BpCNV1QD6le32": "0",
        "yPjxt8T9laEdUk5W": "0",
        "qvjyllfbPM1W0Emi": "0"
      }
    },
    {
      "name": "Half Plate Armor",
      "time": null,
      "macroName": "SmithCheck",
      "ingredientsInspection": "0",
      "productInspection": "0",
      "description": "",
      "tools": "",
      "ingredients": [
        {
          "name": null,
          "components": [
            {
              "uuid": "Compendium.crafting-gathering.Crafting Results.POOu0IdiqTzzLxmj",
              "quantity": "8",
              "name": "Steel Ingot"
            }
          ]
        }
      ],
      "products": [
        {
          "name": null,
          "components": [
            {
              "uuid": "Compendium.dnd5e.items.vsgmACFYINloIdPm",
              "quantity": 1,
              "name": "Half Plate Armor"
            }
          ]
        }
      ],
      "img": "icons/equipment/chest/breastplate-layered-steel-black.webp",
      "ownership": {
        "fnbYkpHtl1fog06u": "0",
        "TKTuPaWmviyTg5nq": "0",
        "ffm0hg4Ag7AxYV9M": "0",
        "mT0BpCNV1QD6le32": "0",
        "yPjxt8T9laEdUk5W": "0",
        "qvjyllfbPM1W0Emi": "0"
      }
    },
    {
      "name": "Ring Mail",
      "time": null,
      "macroName": "SmithCheck",
      "ingredientsInspection": "0",
      "productInspection": "0",
      "description": "",
      "tools": "",
      "ingredients": [
        {
          "name": null,
          "components": [
            {
              "uuid": "Compendium.crafting-gathering.Crafting Results.193t4EskuwTj7jWb",
              "quantity": "3",
              "name": "Steel Bar"
            }
          ]
        }
      ],
      "products": [
        {
          "name": null,
          "components": [
            {
              "uuid": "Compendium.dnd5e.items.nsXZejlmgalj4he9",
              "quantity": 1,
              "name": "Ring Mail"
            }
          ]
        }
      ],
      "img": "icons/equipment/chest/breastplate-metal-scaled-grey.webp",
      "ownership": {
        "fnbYkpHtl1fog06u": "0",
        "TKTuPaWmviyTg5nq": "0",
        "ffm0hg4Ag7AxYV9M": "0",
        "mT0BpCNV1QD6le32": "0",
        "yPjxt8T9laEdUk5W": "0",
        "qvjyllfbPM1W0Emi": "0"
      }
    },
    {
      "name": "Chain Mail",
      "time": null,
      "macroName": "SmithCheck",
      "ingredientsInspection": "0",
      "productInspection": "0",
      "description": "",
      "tools": "",
      "ingredients": [
        {
          "name": null,
          "components": [
            {
              "uuid": "Compendium.crafting-gathering.Crafting Results.193t4EskuwTj7jWb",
              "quantity": "8",
              "name": "Steel Bar"
            }
          ]
        }
      ],
      "products": [
        {
          "name": null,
          "components": [
            {
              "uuid": "Compendium.dnd5e.items.rLMflzmxpe8JGTOA",
              "quantity": 1,
              "name": "Chain Mail"
            }
          ]
        }
      ],
      "img": "icons/equipment/chest/breastplate-metal-scaled-grey.webp",
      "ownership": {
        "fnbYkpHtl1fog06u": "0",
        "TKTuPaWmviyTg5nq": "0",
        "ffm0hg4Ag7AxYV9M": "0",
        "mT0BpCNV1QD6le32": "0",
        "yPjxt8T9laEdUk5W": "0",
        "qvjyllfbPM1W0Emi": "0"
      }
    },
    {
      "name": "Splint Armor",
      "time": null,
      "macroName": "SmithCheck",
      "ingredientsInspection": "0",
      "productInspection": "0",
      "description": "",
      "tools": "",
      "ingredients": [
        {
          "name": null,
          "components": [
            {
              "uuid": "Compendium.crafting-gathering.Crafting Results.POOu0IdiqTzzLxmj",
              "quantity": "2",
              "name": "Steel Ingot"
            }
          ]
        }
      ],
      "products": [
        {
          "name": null,
          "components": [
            {
              "uuid": "Compendium.dnd5e.items.cKpJmsJmU8YaiuqG",
              "quantity": 1,
              "name": "Splint Armor"
            }
          ]
        }
      ],
      "img": "icons/equipment/chest/breastplate-layered-steel.webp",
      "ownership": {
        "fnbYkpHtl1fog06u": "0",
        "TKTuPaWmviyTg5nq": "0",
        "ffm0hg4Ag7AxYV9M": "0",
        "mT0BpCNV1QD6le32": "0",
        "yPjxt8T9laEdUk5W": "0",
        "qvjyllfbPM1W0Emi": "0"
      }
    },
    {
      "name": "Plate Armor",
      "time": null,
      "macroName": "SmithCheck",
      "ingredientsInspection": "0",
      "productInspection": "0",
      "description": "",
      "tools": "",
      "ingredients": [
        {
          "name": null,
          "components": [
            {
              "uuid": "Compendium.crafting-gathering.Crafting Results.POOu0IdiqTzzLxmj",
              "quantity": "16",
              "name": "Steel Ingot"
            }
          ]
        }
      ],
      "products": [
        {
          "name": null,
          "components": [
            {
              "uuid": "Compendium.dnd5e.items.OjkIqlW2UpgFcjZa",
              "quantity": 1,
              "name": "Plate Armor"
            }
          ]
        }
      ],
      "img": "icons/equipment/chest/breastplate-cuirass-steel-grey.webp",
      "ownership": {
        "fnbYkpHtl1fog06u": "2",
        "TKTuPaWmviyTg5nq": "2",
        "ffm0hg4Ag7AxYV9M": "2",
        "mT0BpCNV1QD6le32": "2",
        "yPjxt8T9laEdUk5W": "2",
        "qvjyllfbPM1W0Emi": "0"
      }
    },
    {
      "name": "Adamantine Chain Shirt",
      "time": null,
      "macroName": "SmithCheck",
      "ingredientsInspection": "0",
      "productInspection": "0",
      "description": "",
      "tools": "",
      "ingredients": [
        {
          "name": null,
          "components": [
            {
              "uuid": "Compendium.crafting-gathering.Crafting Results.193t4EskuwTj7jWb",
              "quantity": "5",
              "name": "Steel Bar"
            }
          ]
        },
        {
          "name": null,
          "components": [
            {
              "uuid": "Compendium.crafting-gathering.Crafting Results.ZQpKP8mrFbWGXZrK",
              "quantity": 1,
              "name": "Adamantine Bar"
            }
          ]
        }
      ],
      "products": [
        {
          "name": null,
          "components": [
            {
              "uuid": "Compendium.dnd5e.items.kjTPoUeomTPWJ9h3",
              "quantity": 1,
              "name": "Adamantine Chain Shirt"
            }
          ]
        }
      ],
      "img": "icons/equipment/chest/breastplate-metal-scaled-grey.webp",
      "ownership": {
        "fnbYkpHtl1fog06u": "0",
        "TKTuPaWmviyTg5nq": "0",
        "ffm0hg4Ag7AxYV9M": "0",
        "mT0BpCNV1QD6le32": "0",
        "yPjxt8T9laEdUk5W": "0",
        "qvjyllfbPM1W0Emi": "0"
      }
    },
    {
      "name": "Adamantine Scale Mail",
      "time": null,
      "macroName": "SmithCheck",
      "ingredientsInspection": "0",
      "productInspection": "0",
      "description": "",
      "tools": "",
      "ingredients": [
        {
          "name": null,
          "components": [
            {
              "uuid": "Compendium.crafting-gathering.Crafting Results.193t4EskuwTj7jWb",
              "quantity": "5",
              "name": "Steel Bar"
            }
          ]
        },
        {
          "name": null,
          "components": [
            {
              "uuid": "Compendium.crafting-gathering.Crafting Results.ZQpKP8mrFbWGXZrK",
              "quantity": 1,
              "name": "Adamantine Bar"
            }
          ]
        }
      ],
      "products": [
        {
          "name": null,
          "components": [
            {
              "uuid": "Compendium.dnd5e.items.LdAj2ES9EzfnWcA1",
              "quantity": 1,
              "name": "Adamantine Scale Mail"
            }
          ]
        }
      ],
      "img": "icons/equipment/chest/breastplate-metal-scaled-grey.webp",
      "ownership": {
        "fnbYkpHtl1fog06u": "0",
        "TKTuPaWmviyTg5nq": "0",
        "ffm0hg4Ag7AxYV9M": "0",
        "mT0BpCNV1QD6le32": "0",
        "yPjxt8T9laEdUk5W": "0",
        "qvjyllfbPM1W0Emi": "0"
      }
    },
    {
      "name": "Adamantine Breastplate",
      "time": null,
      "macroName": "SmithCheck",
      "ingredientsInspection": "0",
      "productInspection": "0",
      "description": "",
      "tools": "",
      "ingredients": [
        {
          "name": null,
          "components": [
            {
              "uuid": "Compendium.crafting-gathering.Crafting Results.POOu0IdiqTzzLxmj",
              "quantity": "4",
              "name": "Steel Ingot"
            }
          ]
        },
        {
          "name": null,
          "components": [
            {
              "uuid": "Compendium.crafting-gathering.Crafting Results.ZQpKP8mrFbWGXZrK",
              "quantity": 1,
              "name": "Adamantine Bar"
            }
          ]
        }
      ],
      "products": [
        {
          "name": null,
          "components": [
            {
              "uuid": "Compendium.dnd5e.items.DevmObXWP9MfwE2c",
              "quantity": 1,
              "name": "Adamantine Breastplate"
            }
          ]
        }
      ],
      "img": "icons/equipment/chest/breastplate-layered-steel-black.webp",
      "ownership": {
        "fnbYkpHtl1fog06u": "0",
        "TKTuPaWmviyTg5nq": "0",
        "ffm0hg4Ag7AxYV9M": "0",
        "mT0BpCNV1QD6le32": "0",
        "yPjxt8T9laEdUk5W": "0",
        "qvjyllfbPM1W0Emi": "0"
      }
    },
    {
      "name": "Adamantine Half Plate Armor",
      "time": null,
      "macroName": "SmithCheck",
      "ingredientsInspection": "0",
      "productInspection": "0",
      "description": "",
      "tools": "",
      "ingredients": [
        {
          "name": null,
          "components": [
            {
              "uuid": "Compendium.crafting-gathering.Crafting Results.POOu0IdiqTzzLxmj",
              "quantity": "8",
              "name": "Steel Ingot"
            }
          ]
        },
        {
          "name": null,
          "components": [
            {
              "uuid": "Compendium.crafting-gathering.Crafting Results.ZQpKP8mrFbWGXZrK",
              "quantity": 1,
              "name": "Adamantine Bar"
            }
          ]
        }
      ],
      "products": [
        {
          "name": null,
          "components": [
            {
              "uuid": "Compendium.dnd5e.items.159agyOuBHCl2WKd",
              "quantity": 1,
              "name": "Adamantine Half Plate Armor"
            }
          ]
        }
      ],
      "img": "icons/equipment/chest/breastplate-layered-steel-black.webp",
      "ownership": {
        "fnbYkpHtl1fog06u": "2",
        "TKTuPaWmviyTg5nq": "2",
        "ffm0hg4Ag7AxYV9M": "2",
        "mT0BpCNV1QD6le32": "2",
        "yPjxt8T9laEdUk5W": "2",
        "qvjyllfbPM1W0Emi": "0"
      }
    },
    {
      "name": "Adamantine Ring Mail",
      "time": null,
      "macroName": "SmithCheck",
      "ingredientsInspection": "0",
      "productInspection": "0",
      "description": "",
      "tools": "",
      "ingredients": [
        {
          "name": null,
          "components": [
            {
              "uuid": "Compendium.crafting-gathering.Crafting Results.193t4EskuwTj7jWb",
              "quantity": "3",
              "name": "Steel Bar"
            }
          ]
        },
        {
          "name": null,
          "components": [
            {
              "uuid": "Compendium.crafting-gathering.Crafting Results.ZQpKP8mrFbWGXZrK",
              "quantity": 1,
              "name": "Adamantine Bar"
            }
          ]
        }
      ],
      "products": [
        {
          "name": null,
          "components": [
            {
              "uuid": "Compendium.dnd5e.items.UpHAWqwifZpiZzns",
              "quantity": 1,
              "name": "Adamantine Ring Mail"
            }
          ]
        }
      ],
      "img": "icons/equipment/chest/breastplate-metal-scaled-grey.webp",
      "ownership": {
        "fnbYkpHtl1fog06u": "2",
        "TKTuPaWmviyTg5nq": "2",
        "ffm0hg4Ag7AxYV9M": "2",
        "mT0BpCNV1QD6le32": "2",
        "yPjxt8T9laEdUk5W": "2",
        "qvjyllfbPM1W0Emi": "0"
      }
    },
    {
      "name": "Adamantine Chain Mail",
      "time": null,
      "macroName": "SmithCheck",
      "ingredientsInspection": "0",
      "productInspection": "0",
      "description": "",
      "tools": "",
      "ingredients": [
        {
          "name": null,
          "components": [
            {
              "uuid": "Compendium.crafting-gathering.Crafting Results.193t4EskuwTj7jWb",
              "quantity": "8",
              "name": "Steel Bar"
            }
          ]
        },
        {
          "name": null,
          "components": [
            {
              "uuid": "Compendium.crafting-gathering.Crafting Results.ZQpKP8mrFbWGXZrK",
              "quantity": 1,
              "name": "Adamantine Bar"
            }
          ]
        }
      ],
      "products": [
        {
          "name": null,
          "components": [
            {
              "uuid": "Compendium.dnd5e.items.n7fm71CN7qDIBEKk",
              "quantity": 1,
              "name": "Adamantine Chain Mail"
            }
          ]
        }
      ],
      "img": "icons/equipment/chest/breastplate-metal-scaled-grey.webp",
      "ownership": {
        "fnbYkpHtl1fog06u": "2",
        "TKTuPaWmviyTg5nq": "2",
        "ffm0hg4Ag7AxYV9M": "2",
        "mT0BpCNV1QD6le32": "2",
        "yPjxt8T9laEdUk5W": "2",
        "qvjyllfbPM1W0Emi": "0"
      }
    },
    {
      "name": "Adamantine Splint Armor",
      "time": null,
      "macroName": "SmithCheck",
      "ingredientsInspection": "0",
      "productInspection": "0",
      "description": "",
      "tools": "",
      "ingredients": [
        {
          "name": null,
          "components": [
            {
              "uuid": "Compendium.crafting-gathering.Crafting Results.POOu0IdiqTzzLxmj",
              "quantity": "2",
              "name": "Steel Ingot"
            }
          ]
        },
        {
          "name": null,
          "components": [
            {
              "uuid": "Compendium.crafting-gathering.Crafting Results.ZQpKP8mrFbWGXZrK",
              "quantity": 1,
              "name": "Adamantine Bar"
            }
          ]
        }
      ],
      "products": [
        {
          "name": null,
          "components": [
            {
              "uuid": "Compendium.dnd5e.items.LDuqUcosOK8Bf76S",
              "quantity": 1,
              "name": "Adamantine Splint Armor"
            }
          ]
        }
      ],
      "img": "icons/equipment/chest/breastplate-layered-steel.webp",
      "ownership": {
        "fnbYkpHtl1fog06u": "2",
        "TKTuPaWmviyTg5nq": "2",
        "ffm0hg4Ag7AxYV9M": "2",
        "mT0BpCNV1QD6le32": "2",
        "yPjxt8T9laEdUk5W": "2",
        "qvjyllfbPM1W0Emi": "0"
      }
    },
    {
      "name": "Adamantine Plate Armor",
      "time": null,
      "macroName": "SmithCheck",
      "ingredientsInspection": "0",
      "productInspection": "0",
      "description": "",
      "tools": "",
      "ingredients": [
        {
          "name": null,
          "components": [
            {
              "uuid": "Compendium.crafting-gathering.Crafting Results.POOu0IdiqTzzLxmj",
              "quantity": "16",
              "name": "Steel Ingot"
            }
          ]
        },
        {
          "name": null,
          "components": [
            {
              "uuid": "Compendium.crafting-gathering.Crafting Results.ZQpKP8mrFbWGXZrK",
              "quantity": 1,
              "name": "Adamantine Bar"
            }
          ]
        }
      ],
      "products": [
        {
          "name": null,
          "components": [
            {
              "uuid": "Compendium.dnd5e.items.sP8CV5VNEcY1Yh1Q",
              "quantity": 1,
              "name": "Adamantine Plate Armor"
            }
          ]
        }
      ],
      "img": "icons/equipment/chest/breastplate-cuirass-steel-grey.webp",
      "ownership": {
        "fnbYkpHtl1fog06u": "2",
        "TKTuPaWmviyTg5nq": "2",
        "ffm0hg4Ag7AxYV9M": "2",
        "mT0BpCNV1QD6le32": "2",
        "yPjxt8T9laEdUk5W": "2",
        "qvjyllfbPM1W0Emi": "0"
      }
    },
    {
      "name": "Mithral Chain Shirt",
      "time": null,
      "macroName": "SmithCheck",
      "ingredientsInspection": "0",
      "productInspection": "0",
      "description": "",
      "tools": "",
      "ingredients": [
        {
          "name": null,
          "components": [
            {
              "uuid": "Compendium.crafting-gathering.Crafting Results.193t4EskuwTj7jWb",
              "quantity": "5",
              "name": "Steel Bar"
            }
          ]
        },
        {
          "name": null,
          "components": [
            {
              "uuid": "Compendium.crafting-gathering.Crafting Results.xvHCwAtcXD4yYLX1",
              "quantity": 1,
              "name": "Mithral Bar"
            }
          ]
        }
      ],
      "products": [
        {
          "name": null,
          "components": [
            {
              "uuid": "Compendium.dnd5e.items.3h3ZU6qmQs18FfkA",
              "quantity": 1,
              "name": "Mithral Chain Shirt"
            }
          ]
        }
      ],
      "img": "icons/equipment/chest/breastplate-metal-scaled-grey.webp",
      "ownership": {
        "fnbYkpHtl1fog06u": "2",
        "TKTuPaWmviyTg5nq": "2",
        "ffm0hg4Ag7AxYV9M": "2",
        "mT0BpCNV1QD6le32": "2",
        "yPjxt8T9laEdUk5W": "2",
        "qvjyllfbPM1W0Emi": "0"
      }
    },
    {
      "name": "Mithral Scale Mail",
      "time": null,
      "macroName": "SmithCheck",
      "ingredientsInspection": "0",
      "productInspection": "0",
      "description": "",
      "tools": "",
      "ingredients": [
        {
          "name": null,
          "components": [
            {
              "uuid": "Compendium.crafting-gathering.Crafting Results.193t4EskuwTj7jWb",
              "quantity": "5",
              "name": "Steel Bar"
            }
          ]
        },
        {
          "name": null,
          "components": [
            {
              "uuid": "Compendium.crafting-gathering.Crafting Results.xvHCwAtcXD4yYLX1",
              "quantity": 1,
              "name": "Mithral Bar"
            }
          ]
        }
      ],
      "products": [
        {
          "name": null,
          "components": [
            {
              "uuid": "Compendium.dnd5e.items.iRDmig2qZ7LdP0ug",
              "quantity": 1,
              "name": "Mithral Scale Mail"
            }
          ]
        }
      ],
      "img": "icons/equipment/chest/breastplate-metal-scaled-grey.webp",
      "ownership": {
        "fnbYkpHtl1fog06u": "2",
        "TKTuPaWmviyTg5nq": "2",
        "ffm0hg4Ag7AxYV9M": "2",
        "mT0BpCNV1QD6le32": "2",
        "yPjxt8T9laEdUk5W": "2",
        "qvjyllfbPM1W0Emi": "0"
      }
    },
    {
      "name": "Mithral Breastplate",
      "time": null,
      "macroName": "SmithCheck",
      "ingredientsInspection": "0",
      "productInspection": "0",
      "description": "",
      "tools": "",
      "ingredients": [
        {
          "name": null,
          "components": [
            {
              "uuid": "Compendium.crafting-gathering.Crafting Results.POOu0IdiqTzzLxmj",
              "quantity": "4",
              "name": "Steel Ingot"
            }
          ]
        },
        {
          "name": null,
          "components": [
            {
              "uuid": "Compendium.crafting-gathering.Crafting Results.xvHCwAtcXD4yYLX1",
              "quantity": 1,
              "name": "Mithral Bar"
            }
          ]
        }
      ],
      "products": [
        {
          "name": null,
          "components": [
            {
              "uuid": "Compendium.dnd5e.items.CcTGZzQHejxEVLK1",
              "quantity": 1,
              "name": "Mithral Breastplate"
            }
          ]
        }
      ],
      "img": "icons/equipment/chest/breastplate-layered-steel-black.webp",
      "ownership": {
        "fnbYkpHtl1fog06u": "2",
        "TKTuPaWmviyTg5nq": "2",
        "ffm0hg4Ag7AxYV9M": "2",
        "mT0BpCNV1QD6le32": "2",
        "yPjxt8T9laEdUk5W": "2",
        "qvjyllfbPM1W0Emi": "0"
      }
    },
    {
      "name": "Mithral Half Plate Armor",
      "time": null,
      "macroName": "SmithCheck",
      "ingredientsInspection": "0",
      "productInspection": "0",
      "description": "",
      "tools": "",
      "ingredients": [
        {
          "name": null,
          "components": [
            {
              "uuid": "Compendium.crafting-gathering.Crafting Results.POOu0IdiqTzzLxmj",
              "quantity": "8",
              "name": "Steel Ingot"
            }
          ]
        },
        {
          "name": null,
          "components": [
            {
              "uuid": "Compendium.crafting-gathering.Crafting Results.xvHCwAtcXD4yYLX1",
              "quantity": 1,
              "name": "Mithral Bar"
            }
          ]
        }
      ],
      "products": [
        {
          "name": null,
          "components": [
            {
              "uuid": "Compendium.dnd5e.items.qRMQH8lRE42JkugE",
              "quantity": 1,
              "name": "Mithral Half Plate Armor"
            }
          ]
        }
      ],
      "img": "icons/equipment/chest/breastplate-layered-steel-black.webp",
      "ownership": {
        "fnbYkpHtl1fog06u": "2",
        "TKTuPaWmviyTg5nq": "2",
        "ffm0hg4Ag7AxYV9M": "2",
        "mT0BpCNV1QD6le32": "2",
        "yPjxt8T9laEdUk5W": "2",
        "qvjyllfbPM1W0Emi": "0"
      }
    },
    {
      "name": "Mithral Ring Mail",
      "time": null,
      "macroName": "SmithCheck",
      "ingredientsInspection": "0",
      "productInspection": "0",
      "description": "",
      "tools": "",
      "ingredients": [
        {
          "name": null,
          "components": [
            {
              "uuid": "Compendium.crafting-gathering.Crafting Results.193t4EskuwTj7jWb",
              "quantity": "3",
              "name": "Steel Bar"
            }
          ]
        },
        {
          "name": null,
          "components": [
            {
              "uuid": "Compendium.crafting-gathering.Crafting Results.xvHCwAtcXD4yYLX1",
              "quantity": 1,
              "name": "Mithral Bar"
            }
          ]
        }
      ],
      "products": [
        {
          "name": null,
          "components": [
            {
              "uuid": "Compendium.dnd5e.items.tJQXAJx92wL6GM1v",
              "quantity": 1,
              "name": "Mithral Ring Mail"
            }
          ]
        }
      ],
      "img": "icons/equipment/chest/breastplate-metal-scaled-grey.webp",
      "ownership": {
        "fnbYkpHtl1fog06u": "2",
        "TKTuPaWmviyTg5nq": "2",
        "ffm0hg4Ag7AxYV9M": "2",
        "mT0BpCNV1QD6le32": "2",
        "yPjxt8T9laEdUk5W": "2",
        "qvjyllfbPM1W0Emi": "0"
      }
    },
    {
      "name": "Mithral Chain Mail",
      "time": null,
      "macroName": "SmithCheck",
      "ingredientsInspection": "0",
      "productInspection": "0",
      "description": "",
      "tools": "",
      "ingredients": [
        {
          "name": null,
          "components": [
            {
              "uuid": "Compendium.crafting-gathering.Crafting Results.193t4EskuwTj7jWb",
              "quantity": "8",
              "name": "Steel Bar"
            }
          ]
        },
        {
          "name": null,
          "components": [
            {
              "uuid": "Compendium.crafting-gathering.Crafting Results.xvHCwAtcXD4yYLX1",
              "quantity": 1,
              "name": "Mithral Bar"
            }
          ]
        }
      ],
      "products": [
        {
          "name": null,
          "components": [
            {
              "uuid": "Compendium.dnd5e.items.YS9CRHg2yQlOVi3j",
              "quantity": 1,
              "name": "Mithral Chain Mail"
            }
          ]
        }
      ],
      "img": "icons/equipment/chest/breastplate-metal-scaled-grey.webp",
      "ownership": {
        "fnbYkpHtl1fog06u": "2",
        "TKTuPaWmviyTg5nq": "2",
        "ffm0hg4Ag7AxYV9M": "2",
        "mT0BpCNV1QD6le32": "2",
        "yPjxt8T9laEdUk5W": "2",
        "qvjyllfbPM1W0Emi": "0"
      }
    },
    {
      "name": "Mithral Splint Armor",
      "time": null,
      "macroName": "SmithCheck",
      "ingredientsInspection": "0",
      "productInspection": "0",
      "description": "",
      "tools": "",
      "ingredients": [
        {
          "name": null,
          "components": [
            {
              "uuid": "Compendium.crafting-gathering.Crafting Results.POOu0IdiqTzzLxmj",
              "quantity": "2",
              "name": "Steel Ingot"
            }
          ]
        },
        {
          "name": null,
          "components": [
            {
              "uuid": "Compendium.crafting-gathering.Crafting Results.xvHCwAtcXD4yYLX1",
              "quantity": 1,
              "name": "Mithral Bar"
            }
          ]
        }
      ],
      "products": [
        {
          "name": null,
          "components": [
            {
              "uuid": "Compendium.dnd5e.items.GKQSxYvS3m9qKVac",
              "quantity": 1,
              "name": "Mithral Splint Armor"
            }
          ]
        }
      ],
      "img": "icons/equipment/chest/breastplate-layered-steel.webp",
      "ownership": {
        "fnbYkpHtl1fog06u": "2",
        "TKTuPaWmviyTg5nq": "2",
        "ffm0hg4Ag7AxYV9M": "2",
        "mT0BpCNV1QD6le32": "2",
        "yPjxt8T9laEdUk5W": "2",
        "qvjyllfbPM1W0Emi": "0"
      }
    },
    {
      "name": "Mithral Plate Armor",
      "time": null,
      "macroName": "SmithCheck",
      "ingredientsInspection": "0",
      "productInspection": "0",
      "description": "",
      "tools": "",
      "ingredients": [
        {
          "name": null,
          "components": [
            {
              "uuid": "Compendium.crafting-gathering.Crafting Results.POOu0IdiqTzzLxmj",
              "quantity": "16",
              "name": "Steel Ingot"
            }
          ]
        },
        {
          "name": null,
          "components": [
            {
              "uuid": "Compendium.crafting-gathering.Crafting Results.xvHCwAtcXD4yYLX1",
              "quantity": 1,
              "name": "Mithral Bar"
            }
          ]
        }
      ],
      "products": [
        {
          "name": null,
          "components": [
            {
              "uuid": "Compendium.dnd5e.items.HVpXIU0zZw0a4Fb7",
              "quantity": 1,
              "name": "Mithral Plate Armor"
            }
          ]
        }
      ],
      "img": "icons/equipment/chest/breastplate-cuirass-steel-grey.webp",
      "ownership": {
        "fnbYkpHtl1fog06u": "2",
        "TKTuPaWmviyTg5nq": "2",
        "ffm0hg4Ag7AxYV9M": "2",
        "mT0BpCNV1QD6le32": "2",
        "yPjxt8T9laEdUk5W": "2",
        "qvjyllfbPM1W0Emi": "0"
      }
    },
    {
      "name": "Dagger",
      "time": null,
      "macroName": "SmithCheck",
      "ingredientsInspection": "0",
      "productInspection": "0",
      "description": "",
      "tools": "",
      "ingredients": [
        {
          "name": null,
          "components": [
            {
              "uuid": "Compendium.crafting-gathering.Crafting Results.BJrLFCpDgdJ9kfkD",
              "quantity": "2",
              "name": "Steel Bullion"
            }
          ]
        }
      ],
      "products": [
        {
          "name": null,
          "components": [
            {
              "uuid": "Compendium.dnd5e.items.0E565kQUBmndJ1a2",
              "quantity": 1,
              "name": "Dagger"
            }
          ]
        }
      ],
      "img": "icons/weapons/daggers/dagger-jeweled-purple.webp",
      "ownership": {
        "fnbYkpHtl1fog06u": "0",
        "TKTuPaWmviyTg5nq": "0",
        "ffm0hg4Ag7AxYV9M": "0",
        "mT0BpCNV1QD6le32": "0",
        "yPjxt8T9laEdUk5W": "0",
        "qvjyllfbPM1W0Emi": "0"
      }
    },
    {
      "name": "Handaxe",
      "time": null,
      "macroName": "SmithCheck",
      "ingredientsInspection": "0",
      "productInspection": "0",
      "description": "",
      "tools": "",
      "ingredients": [
        {
          "name": null,
          "components": [
            {
              "uuid": "Compendium.crafting-gathering.Crafting Results.BJrLFCpDgdJ9kfkD",
              "quantity": "5",
              "name": "Steel Bullion"
            }
          ]
        }
      ],
      "products": [
        {
          "name": null,
          "components": [
            {
              "uuid": "Compendium.dnd5e.items.eO7Fbv5WBk5zvGOc",
              "quantity": 1,
              "name": "Handaxe"
            }
          ]
        }
      ],
      "img": "icons/weapons/axes/axe-broad-black.webp",
      "ownership": {
        "fnbYkpHtl1fog06u": "0",
        "TKTuPaWmviyTg5nq": "0",
        "ffm0hg4Ag7AxYV9M": "0",
        "mT0BpCNV1QD6le32": "0",
        "yPjxt8T9laEdUk5W": "0",
        "qvjyllfbPM1W0Emi": "0"
      }
    },
    {
      "name": "Light Hammer",
      "time": null,
      "macroName": "SmithCheck",
      "ingredientsInspection": "0",
      "productInspection": "0",
      "description": "",
      "tools": "",
      "ingredients": [
        {
          "name": null,
          "components": [
            {
              "uuid": "Compendium.crafting-gathering.Crafting Results.BJrLFCpDgdJ9kfkD",
              "quantity": "2",
              "name": "Steel Bullion"
            }
          ]
        }
      ],
      "products": [
        {
          "name": null,
          "components": [
            {
              "uuid": "Compendium.dnd5e.items.XVK6TOL4sGItssAE",
              "quantity": 1,
              "name": "Light Hammer"
            }
          ]
        }
      ],
      "img": "icons/weapons/hammers/hammer-war-spiked.webp",
      "ownership": {
        "fnbYkpHtl1fog06u": "0",
        "TKTuPaWmviyTg5nq": "0",
        "ffm0hg4Ag7AxYV9M": "0",
        "mT0BpCNV1QD6le32": "0",
        "yPjxt8T9laEdUk5W": "0",
        "qvjyllfbPM1W0Emi": "0"
      }
    },
    {
      "name": "Mace",
      "time": null,
      "macroName": "SmithCheck",
      "ingredientsInspection": "0",
      "productInspection": "0",
      "description": "",
      "tools": "",
      "ingredients": [
        {
          "name": null,
          "components": [
            {
              "uuid": "Compendium.crafting-gathering.Crafting Results.193t4EskuwTj7jWb",
              "quantity": "5",
              "name": "Steel Bar"
            }
          ]
        }
      ],
      "products": [
        {
          "name": null,
          "components": [
            {
              "uuid": "Compendium.dnd5e.items.Ajyq6nGwF7FtLhDQ",
              "quantity": 1,
              "name": "Mace"
            }
          ]
        }
      ],
      "img": "icons/weapons/maces/mace-round-spiked-black.webp",
      "ownership": {
        "fnbYkpHtl1fog06u": "0",
        "TKTuPaWmviyTg5nq": "0",
        "ffm0hg4Ag7AxYV9M": "0",
        "mT0BpCNV1QD6le32": "0",
        "yPjxt8T9laEdUk5W": "0",
        "qvjyllfbPM1W0Emi": "0"
      }
    },
    {
      "name": "Sickle",
      "time": null,
      "macroName": "SmithCheck",
      "ingredientsInspection": "0",
      "productInspection": "0",
      "description": "",
      "tools": "",
      "ingredients": [
        {
          "name": null,
          "components": [
            {
              "uuid": "Compendium.crafting-gathering.Crafting Results.BJrLFCpDgdJ9kfkD",
              "quantity": 1,
              "name": "Steel Bullion"
            }
          ]
        }
      ],
      "products": [
        {
          "name": null,
          "components": [
            {
              "uuid": "Compendium.dnd5e.items.i4NeNZ30ycwPDHMx",
              "quantity": 1,
              "name": "Sickle"
            }
          ]
        }
      ],
      "img": "icons/weapons/sickles/sickle-curved.webp",
      "ownership": {
        "fnbYkpHtl1fog06u": "0",
        "TKTuPaWmviyTg5nq": "0",
        "ffm0hg4Ag7AxYV9M": "0",
        "mT0BpCNV1QD6le32": "0",
        "yPjxt8T9laEdUk5W": "0",
        "qvjyllfbPM1W0Emi": "0"
      }
    },
    {
      "name": "Battleaxe",
      "time": null,
      "macroName": "SmithCheck",
      "ingredientsInspection": "0",
      "productInspection": "0",
      "description": "",
      "tools": "",
      "ingredients": [
        {
          "name": null,
          "components": [
            {
              "uuid": "Compendium.crafting-gathering.Crafting Results.193t4EskuwTj7jWb",
              "quantity": "1",
              "name": "Steel Bar"
            }
          ]
        }
      ],
      "products": [
        {
          "name": null,
          "components": [
            {
              "uuid": "Compendium.dnd5e.items.I0WocDSuNpGJayPb",
              "quantity": 1,
              "name": "Battleaxe"
            }
          ]
        }
      ],
      "img": "icons/weapons/polearms/halberd-crescent-engraved-steel.webp",
      "ownership": {
        "fnbYkpHtl1fog06u": "0",
        "TKTuPaWmviyTg5nq": "0",
        "ffm0hg4Ag7AxYV9M": "0",
        "mT0BpCNV1QD6le32": "0",
        "yPjxt8T9laEdUk5W": "0",
        "qvjyllfbPM1W0Emi": "0"
      }
    },
    {
      "name": "Flail",
      "time": null,
      "macroName": "SmithCheck",
      "ingredientsInspection": "0",
      "productInspection": "0",
      "description": "",
      "tools": "",
      "ingredients": [
        {
          "name": null,
          "components": [
            {
              "uuid": "Compendium.crafting-gathering.Crafting Results.193t4EskuwTj7jWb",
              "quantity": "1",
              "name": "Steel Bar"
            }
          ]
        }
      ],
      "products": [
        {
          "name": null,
          "components": [
            {
              "uuid": "Compendium.dnd5e.items.UrH3sMdnUDckIHJ6",
              "quantity": 1,
              "name": "Flail"
            }
          ]
        }
      ],
      "img": "icons/weapons/maces/mace-round-spiked-black.webp",
      "ownership": {
        "fnbYkpHtl1fog06u": "0",
        "TKTuPaWmviyTg5nq": "0",
        "ffm0hg4Ag7AxYV9M": "0",
        "mT0BpCNV1QD6le32": "0",
        "yPjxt8T9laEdUk5W": "0",
        "qvjyllfbPM1W0Emi": "0"
      }
    },
    {
      "name": "Glaive",
      "time": null,
      "macroName": "SmithCheck",
      "ingredientsInspection": "0",
      "productInspection": "0",
      "description": "",
      "tools": "",
      "ingredients": [
        {
          "name": null,
          "components": [
            {
              "uuid": "Compendium.crafting-gathering.Crafting Results.193t4EskuwTj7jWb",
              "quantity": "2",
              "name": "Steel Bar"
            }
          ]
        }
      ],
      "products": [
        {
          "name": null,
          "components": [
            {
              "uuid": "Compendium.dnd5e.items.rOG1OM2ihgPjOvFW",
              "quantity": 1,
              "name": "Glaive"
            }
          ]
        }
      ],
      "img": "icons/weapons/polearms/halberd-crescent-glowing.webp",
      "ownership": {
        "fnbYkpHtl1fog06u": "0",
        "TKTuPaWmviyTg5nq": "0",
        "ffm0hg4Ag7AxYV9M": "0",
        "mT0BpCNV1QD6le32": "0",
        "yPjxt8T9laEdUk5W": "0",
        "qvjyllfbPM1W0Emi": "0"
      }
    },
    {
      "name": "Greataxe",
      "time": null,
      "macroName": "SmithCheck",
      "ingredientsInspection": "0",
      "productInspection": "0",
      "description": "",
      "tools": "",
      "ingredients": [
        {
          "name": null,
          "components": [
            {
              "uuid": "Compendium.crafting-gathering.Crafting Results.193t4EskuwTj7jWb",
              "quantity": "3",
              "name": "Steel Bar"
            }
          ]
        }
      ],
      "products": [
        {
          "name": null,
          "components": [
            {
              "uuid": "Compendium.dnd5e.items.1Lxk6kmoRhG8qQ0u",
              "quantity": 1,
              "name": "Greataxe"
            }
          ]
        }
      ],
      "img": "icons/weapons/axes/axe-double.webp",
      "ownership": {
        "fnbYkpHtl1fog06u": "0",
        "TKTuPaWmviyTg5nq": "0",
        "ffm0hg4Ag7AxYV9M": "0",
        "mT0BpCNV1QD6le32": "0",
        "yPjxt8T9laEdUk5W": "0",
        "qvjyllfbPM1W0Emi": "0"
      }
    },
    {
      "name": "Greatsword",
      "time": null,
      "macroName": "SmithCheck",
      "ingredientsInspection": "0",
      "productInspection": "0",
      "description": "",
      "tools": "",
      "ingredients": [
        {
          "name": null,
          "components": [
            {
              "uuid": "Compendium.crafting-gathering.Crafting Results.193t4EskuwTj7jWb",
              "quantity": "5",
              "name": "Steel Bar"
            }
          ]
        }
      ],
      "products": [
        {
          "name": null,
          "components": [
            {
              "uuid": "Compendium.dnd5e.items.xMkP8BmFzElcsMaR",
              "quantity": 1,
              "name": "Greatsword"
            }
          ]
        }
      ],
      "img": "icons/weapons/swords/greatsword-guard-gem-blue.webp",
      "ownership": {
        "fnbYkpHtl1fog06u": "0",
        "TKTuPaWmviyTg5nq": "0",
        "ffm0hg4Ag7AxYV9M": "0",
        "mT0BpCNV1QD6le32": "0",
        "yPjxt8T9laEdUk5W": "0",
        "qvjyllfbPM1W0Emi": "0"
      }
    },
    {
      "name": "Halberd",
      "time": null,
      "macroName": "SmithCheck",
      "ingredientsInspection": "0",
      "productInspection": "0",
      "description": "",
      "tools": "",
      "ingredients": [
        {
          "name": null,
          "components": [
            {
              "uuid": "Compendium.crafting-gathering.Crafting Results.193t4EskuwTj7jWb",
              "quantity": "2",
              "name": "Steel Bar"
            }
          ]
        }
      ],
      "products": [
        {
          "name": null,
          "components": [
            {
              "uuid": "Compendium.dnd5e.items.DMejWAc8r8YvDPP1",
              "quantity": 1,
              "name": "Halberd"
            }
          ]
        }
      ],
      "img": "icons/weapons/polearms/halberd-crescent-glowing.webp",
      "ownership": {
        "fnbYkpHtl1fog06u": "0",
        "TKTuPaWmviyTg5nq": "0",
        "ffm0hg4Ag7AxYV9M": "0",
        "mT0BpCNV1QD6le32": "0",
        "yPjxt8T9laEdUk5W": "0",
        "qvjyllfbPM1W0Emi": "0"
      }
    },
    {
      "name": "Longsword",
      "time": null,
      "macroName": "SmithCheck",
      "ingredientsInspection": "0",
      "productInspection": "0",
      "description": "",
      "tools": "",
      "ingredients": [
        {
          "name": null,
          "components": [
            {
              "uuid": "Compendium.crafting-gathering.Crafting Results.BJrLFCpDgdJ9kfkD",
              "quantity": "15",
              "name": "Steel Bullion"
            }
          ]
        }
      ],
      "products": [
        {
          "name": null,
          "components": [
            {
              "uuid": "Compendium.dnd5e.items.10ZP2Bu3vnCuYMIB",
              "quantity": 1,
              "name": "Longsword"
            }
          ]
        }
      ],
      "img": "icons/weapons/swords/greatsword-crossguard-steel.webp",
      "ownership": {
        "fnbYkpHtl1fog06u": "0",
        "TKTuPaWmviyTg5nq": "0",
        "ffm0hg4Ag7AxYV9M": "0",
        "mT0BpCNV1QD6le32": "0",
        "yPjxt8T9laEdUk5W": "0",
        "qvjyllfbPM1W0Emi": "0"
      }
    },
    {
      "name": "Maul",
      "time": null,
      "macroName": "SmithCheck",
      "ingredientsInspection": "0",
      "productInspection": "0",
      "description": "",
      "tools": "",
      "ingredients": [
        {
          "name": null,
          "components": [
            {
              "uuid": "Compendium.crafting-gathering.Crafting Results.193t4EskuwTj7jWb",
              "quantity": "1",
              "name": "Steel Bar"
            }
          ]
        }
      ],
      "products": [
        {
          "name": null,
          "components": [
            {
              "uuid": "Compendium.dnd5e.items.DizirD7eqjh8n95A",
              "quantity": 1,
              "name": "Maul"
            }
          ]
        }
      ],
      "img": "icons/weapons/maces/mace-spiked-wood-grey.webp",
      "ownership": {
        "fnbYkpHtl1fog06u": "0",
        "TKTuPaWmviyTg5nq": "0",
        "ffm0hg4Ag7AxYV9M": "0",
        "mT0BpCNV1QD6le32": "0",
        "yPjxt8T9laEdUk5W": "0",
        "qvjyllfbPM1W0Emi": "0"
      }
    },
    {
      "name": "Morningstar",
      "time": null,
      "macroName": "SmithCheck",
      "ingredientsInspection": "0",
      "productInspection": "0",
      "description": "",
      "tools": "",
      "ingredients": [
        {
          "name": null,
          "components": [
            {
              "uuid": "Compendium.crafting-gathering.Crafting Results.BJrLFCpDgdJ9kfkD",
              "quantity": "15",
              "name": "Steel Bullion"
            }
          ]
        }
      ],
      "products": [
        {
          "name": null,
          "components": [
            {
              "uuid": "Compendium.dnd5e.items.dX8AxCh9o0A9CkT3",
              "quantity": 1,
              "name": "Morningstar"
            }
          ]
        }
      ],
      "img": "icons/weapons/maces/mace-round-spiked-black.webp",
      "ownership": {
        "fnbYkpHtl1fog06u": "0",
        "TKTuPaWmviyTg5nq": "0",
        "ffm0hg4Ag7AxYV9M": "0",
        "mT0BpCNV1QD6le32": "0",
        "yPjxt8T9laEdUk5W": "0",
        "qvjyllfbPM1W0Emi": "0"
      }
    },
    {
      "name": "Rapier",
      "time": null,
      "macroName": "SmithCheck",
      "ingredientsInspection": "0",
      "productInspection": "0",
      "description": "",
      "tools": "",
      "ingredients": [
        {
          "name": null,
          "components": [
            {
              "uuid": "Compendium.crafting-gathering.Crafting Results.BJrLFCpDgdJ9kfkD",
              "quantity": "25",
              "name": "Steel Bullion"
            }
          ]
        }
      ],
      "products": [
        {
          "name": null,
          "components": [
            {
              "uuid": "Compendium.dnd5e.items.Tobce1hexTnDk4sV",
              "quantity": 1,
              "name": "Rapier"
            }
          ]
        }
      ],
      "img": "icons/weapons/swords/sword-guard-brown.webp",
      "ownership": {
        "fnbYkpHtl1fog06u": "0",
        "TKTuPaWmviyTg5nq": "0",
        "ffm0hg4Ag7AxYV9M": "0",
        "mT0BpCNV1QD6le32": "0",
        "yPjxt8T9laEdUk5W": "0",
        "qvjyllfbPM1W0Emi": "0"
      }
    },
    {
      "name": "Scimitar",
      "time": null,
      "macroName": "SmithCheck",
      "ingredientsInspection": "0",
      "productInspection": "0",
      "description": "",
      "tools": "",
      "ingredients": [
        {
          "name": null,
          "components": [
            {
              "uuid": "Compendium.crafting-gathering.Crafting Results.BJrLFCpDgdJ9kfkD",
              "quantity": "25",
              "name": "Steel Bullion"
            }
          ]
        }
      ],
      "products": [
        {
          "name": null,
          "components": [
            {
              "uuid": "Compendium.dnd5e.items.fbC0Mg1a73wdFbqO",
              "quantity": 1,
              "name": "Scimitar"
            }
          ]
        }
      ],
      "img": "icons/weapons/swords/sword-katana.webp",
      "ownership": {
        "fnbYkpHtl1fog06u": "0",
        "TKTuPaWmviyTg5nq": "0",
        "ffm0hg4Ag7AxYV9M": "0",
        "mT0BpCNV1QD6le32": "0",
        "yPjxt8T9laEdUk5W": "0",
        "qvjyllfbPM1W0Emi": "0"
      }
    },
    {
      "name": "Shortsword",
      "time": null,
      "macroName": "SmithCheck",
      "ingredientsInspection": "0",
      "productInspection": "0",
      "description": "",
      "tools": "",
      "ingredients": [
        {
          "name": null,
          "components": [
            {
              "uuid": "Compendium.crafting-gathering.Crafting Results.193t4EskuwTj7jWb",
              "quantity": "1",
              "name": "Steel Bar"
            }
          ]
        }
      ],
      "products": [
        {
          "name": null,
          "components": [
            {
              "uuid": "Compendium.dnd5e.items.osLzOwQdPtrK3rQH",
              "quantity": 1,
              "name": "Shortsword"
            }
          ]
        }
      ],
      "img": "icons/weapons/swords/sword-guard-brown.webp",
      "ownership": {
        "fnbYkpHtl1fog06u": "0",
        "TKTuPaWmviyTg5nq": "0",
        "ffm0hg4Ag7AxYV9M": "0",
        "mT0BpCNV1QD6le32": "0",
        "yPjxt8T9laEdUk5W": "0",
        "qvjyllfbPM1W0Emi": "0"
      }
    },
    {
      "name": "Trident",
      "time": null,
      "macroName": "SmithCheck",
      "ingredientsInspection": "0",
      "productInspection": "0",
      "description": "",
      "tools": "",
      "ingredients": [
        {
          "name": null,
          "components": [
            {
              "uuid": "Compendium.crafting-gathering.Crafting Results.BJrLFCpDgdJ9kfkD",
              "quantity": "5",
              "name": "Steel Bullion"
            }
          ]
        }
      ],
      "products": [
        {
          "name": null,
          "components": [
            {
              "uuid": "Compendium.dnd5e.items.F65ANO66ckP8FDMa",
              "quantity": 1,
              "name": "Trident"
            }
          ]
        }
      ],
      "img": "icons/skills/melee/spear-tips-triple-orange.webp",
      "ownership": {
        "fnbYkpHtl1fog06u": "0",
        "TKTuPaWmviyTg5nq": "0",
        "ffm0hg4Ag7AxYV9M": "0",
        "mT0BpCNV1QD6le32": "0",
        "yPjxt8T9laEdUk5W": "0",
        "qvjyllfbPM1W0Emi": "0"
      }
    },
    {
      "name": "War Pick",
      "time": null,
      "macroName": "SmithCheck",
      "ingredientsInspection": "0",
      "productInspection": "0",
      "description": "",
      "tools": "",
      "ingredients": [
        {
          "name": null,
          "components": [
            {
              "uuid": "Compendium.crafting-gathering.Crafting Results.BJrLFCpDgdJ9kfkD",
              "quantity": "5",
              "name": "Steel Bullion"
            }
          ]
        }
      ],
      "products": [
        {
          "name": null,
          "components": [
            {
              "uuid": "Compendium.dnd5e.items.2YdfjN1PIIrSHZii",
              "quantity": 1,
              "name": "War Pick"
            }
          ]
        }
      ],
      "img": "icons/weapons/axes/pickaxe-double-brown.webp",
      "ownership": {
        "fnbYkpHtl1fog06u": "0",
        "TKTuPaWmviyTg5nq": "0",
        "ffm0hg4Ag7AxYV9M": "0",
        "mT0BpCNV1QD6le32": "0",
        "yPjxt8T9laEdUk5W": "0",
        "qvjyllfbPM1W0Emi": "0"
      }
    },
    {
      "name": "Warhammer",
      "time": null,
      "macroName": "SmithCheck",
      "ingredientsInspection": "0",
      "productInspection": "0",
      "description": "",
      "tools": "",
      "ingredients": [
        {
          "name": null,
          "components": [
            {
              "uuid": "Compendium.crafting-gathering.Crafting Results.BJrLFCpDgdJ9kfkD",
              "quantity": "15",
              "name": "Steel Bullion"
            }
          ]
        }
      ],
      "products": [
        {
          "name": null,
          "components": [
            {
              "uuid": "Compendium.dnd5e.items.F0Df164Xv1gWcYt0",
              "quantity": 1,
              "name": "Warhammer"
            }
          ]
        }
      ],
      "img": "icons/weapons/hammers/hammer-drilling-spiked.webp",
      "ownership": {
        "fnbYkpHtl1fog06u": "0",
        "TKTuPaWmviyTg5nq": "0",
        "ffm0hg4Ag7AxYV9M": "0",
        "mT0BpCNV1QD6le32": "0",
        "yPjxt8T9laEdUk5W": "0",
        "qvjyllfbPM1W0Emi": "0"
      }
    },
    {
      "name": "Bell",
      "time": null,
      "macroName": "SmithCheck",
      "ingredientsInspection": "0",
      "productInspection": "0",
      "description": "",
      "tools": "",
      "ingredients": [
        {
          "name": null,
          "components": [
            {
              "uuid": "Compendium.crafting-gathering.Crafting Results.BJrLFCpDgdJ9kfkD",
              "quantity": 1,
              "name": "Steel Bullion"
            }
          ]
        }
      ],
      "products": [
        {
          "name": null,
          "components": [
            {
              "uuid": "Compendium.dnd5e.items.F6GwSqjErX1u35Re",
              "quantity": 1,
              "name": "Bell"
            }
          ]
        }
      ],
      "img": "icons/tools/instruments/bell-brass-brown.webp",
      "ownership": {
        "fnbYkpHtl1fog06u": "0",
        "TKTuPaWmviyTg5nq": "0",
        "ffm0hg4Ag7AxYV9M": "0",
        "mT0BpCNV1QD6le32": "0",
        "yPjxt8T9laEdUk5W": "0",
        "qvjyllfbPM1W0Emi": "0"
      }
    },
    {
      "name": "Caltrops",
      "time": null,
      "macroName": "SmithCheck",
      "ingredientsInspection": "0",
      "productInspection": "0",
      "description": "",
      "tools": "",
      "ingredients": [
        {
          "name": null,
          "components": [
            {
              "uuid": "Compendium.crafting-gathering.Crafting Results.BJrLFCpDgdJ9kfkD",
              "quantity": 1,
              "name": "Steel Bullion"
            }
          ]
        }
      ],
      "products": [
        {
          "name": null,
          "components": [
            {
              "uuid": "Compendium.dnd5e.items.8tvhh5wqG5FRh3Sf",
              "quantity": "20",
              "name": "Caltrops"
            }
          ]
        }
      ],
      "img": "icons/weapons/thrown/bomb-spiked-purple.webp",
      "ownership": {
        "fnbYkpHtl1fog06u": "0",
        "TKTuPaWmviyTg5nq": "0",
        "ffm0hg4Ag7AxYV9M": "0",
        "mT0BpCNV1QD6le32": "0",
        "yPjxt8T9laEdUk5W": "0",
        "qvjyllfbPM1W0Emi": "0"
      }
    },
    {
      "name": "Chain",
      "time": null,
      "macroName": "SmithCheck",
      "ingredientsInspection": "0",
      "productInspection": "0",
      "description": "",
      "tools": "",
      "ingredients": [
        {
          "name": null,
          "components": [
            {
              "uuid": "Compendium.crafting-gathering.Crafting Results.BJrLFCpDgdJ9kfkD",
              "quantity": "5",
              "name": "Steel Bullion"
            }
          ]
        }
      ],
      "products": [
        {
          "name": null,
          "components": [
            {
              "uuid": "Compendium.dnd5e.items.JvoufrTkSDMsS9Sm",
              "quantity": 1,
              "name": "Chain (10 feet)"
            }
          ]
        }
      ],
      "img": "icons/weapons/misc/whip-red-yellow.webp",
      "ownership": {
        "fnbYkpHtl1fog06u": "0",
        "TKTuPaWmviyTg5nq": "0",
        "ffm0hg4Ag7AxYV9M": "0",
        "mT0BpCNV1QD6le32": "0",
        "yPjxt8T9laEdUk5W": "0",
        "qvjyllfbPM1W0Emi": "0"
      }
    },
    {
      "name": "Crowbar",
      "time": null,
      "macroName": "SmithCheck",
      "ingredientsInspection": "0",
      "productInspection": "0",
      "description": "",
      "tools": "",
      "ingredients": [
        {
          "name": null,
          "components": [
            {
              "uuid": "Compendium.crafting-gathering.Crafting Results.BJrLFCpDgdJ9kfkD",
              "quantity": "2",
              "name": "Steel Bullion"
            }
          ]
        }
      ],
      "products": [
        {
          "name": null,
          "components": [
            {
              "uuid": "Compendium.dnd5e.items.V5UAjT3ed6sDNtgm",
              "quantity": 1,
              "name": "Crowbar"
            }
          ]
        }
      ],
      "img": "icons/tools/hand/pickaxe-steel-white.webp",
      "ownership": {
        "fnbYkpHtl1fog06u": "0",
        "TKTuPaWmviyTg5nq": "0",
        "ffm0hg4Ag7AxYV9M": "0",
        "mT0BpCNV1QD6le32": "0",
        "yPjxt8T9laEdUk5W": "0",
        "qvjyllfbPM1W0Emi": "0"
      }
    },
    {
      "name": "Grappling Hook",
      "time": null,
      "macroName": "SmithCheck",
      "ingredientsInspection": "0",
      "productInspection": "0",
      "description": "",
      "tools": "",
      "ingredients": [
        {
          "name": null,
          "components": [
            {
              "uuid": "Compendium.crafting-gathering.Crafting Results.BJrLFCpDgdJ9kfkD",
              "quantity": "2",
              "name": "Steel Bullion"
            }
          ]
        }
      ],
      "products": [
        {
          "name": null,
          "components": [
            {
              "uuid": "Compendium.dnd5e.items.tfDxZIKDpOkz6pbx",
              "quantity": 1,
              "name": "Grappling Hook"
            }
          ]
        }
      ],
      "img": "icons/weapons/sickles/sickle-hooked-wood.webp",
      "ownership": {
        "fnbYkpHtl1fog06u": "0",
        "TKTuPaWmviyTg5nq": "0",
        "ffm0hg4Ag7AxYV9M": "0",
        "mT0BpCNV1QD6le32": "0",
        "yPjxt8T9laEdUk5W": "0",
        "qvjyllfbPM1W0Emi": "0"
      }
    },
    {
      "name": "Hammer",
      "time": null,
      "macroName": "SmithCheck",
      "ingredientsInspection": "0",
      "productInspection": "0",
      "description": "",
      "tools": "",
      "ingredients": [
        {
          "name": null,
          "components": [
            {
              "uuid": "Compendium.crafting-gathering.Crafting Results.BJrLFCpDgdJ9kfkD",
              "quantity": "1",
              "name": "Steel Bullion"
            }
          ]
        }
      ],
      "products": [
        {
          "name": null,
          "components": [
            {
              "uuid": "Compendium.dnd5e.items.14pNRT4sZy9rgvhb",
              "quantity": 1,
              "name": "Hammer"
            }
          ]
        }
      ],
      "img": "icons/tools/hand/hammer-cobbler-steel.webp",
      "ownership": {
        "fnbYkpHtl1fog06u": "0",
        "TKTuPaWmviyTg5nq": "0",
        "ffm0hg4Ag7AxYV9M": "0",
        "mT0BpCNV1QD6le32": "0",
        "yPjxt8T9laEdUk5W": "0",
        "qvjyllfbPM1W0Emi": "0"
      }
    },
    {
      "name": "Sledgehammer",
      "time": null,
      "macroName": "SmithCheck",
      "ingredientsInspection": "0",
      "productInspection": "0",
      "description": "",
      "tools": "",
      "ingredients": [
        {
          "name": null,
          "components": [
            {
              "uuid": "Compendium.crafting-gathering.Crafting Results.BJrLFCpDgdJ9kfkD",
              "quantity": "2",
              "name": "Steel Bullion"
            }
          ]
        }
      ],
      "products": [
        {
          "name": null,
          "components": [
            {
              "uuid": "Compendium.dnd5e.items.9G9QGSPgpZDSsm37",
              "quantity": 1,
              "name": "Sledgehammer"
            }
          ]
        }
      ],
      "img": "icons/tools/smithing/hammer-sledge-steel-grey.webp",
      "ownership": {
        "fnbYkpHtl1fog06u": "0",
        "TKTuPaWmviyTg5nq": "0",
        "ffm0hg4Ag7AxYV9M": "0",
        "mT0BpCNV1QD6le32": "0",
        "yPjxt8T9laEdUk5W": "0",
        "qvjyllfbPM1W0Emi": "0"
      }
    },
    {
      "name": "Hunting Trap",
      "time": null,
      "macroName": "SmithCheck",
      "ingredientsInspection": "0",
      "productInspection": "0",
      "description": "",
      "tools": "",
      "ingredients": [
        {
          "name": null,
          "components": [
            {
              "uuid": "Compendium.crafting-gathering.Crafting Results.BJrLFCpDgdJ9kfkD",
              "quantity": "5",
              "name": "Steel Bullion"
            }
          ]
        }
      ],
      "products": [
        {
          "name": null,
          "components": [
            {
              "uuid": "Compendium.dnd5e.items.LiOD83I4MIZlpoQQ",
              "quantity": 1,
              "name": "Hunting Trap"
            }
          ]
        }
      ],
      "img": "icons/environment/traps/trap-jaw-steel.webp",
      "ownership": {
        "fnbYkpHtl1fog06u": "0",
        "TKTuPaWmviyTg5nq": "0",
        "ffm0hg4Ag7AxYV9M": "0",
        "mT0BpCNV1QD6le32": "0",
        "yPjxt8T9laEdUk5W": "0",
        "qvjyllfbPM1W0Emi": "0"
      }
    },
    {
      "name": "Manacles",
      "time": null,
      "macroName": "SmithCheck",
      "ingredientsInspection": "0",
      "productInspection": "0",
      "description": "",
      "tools": "",
      "ingredients": [
        {
          "name": null,
          "components": [
            {
              "uuid": "Compendium.crafting-gathering.Crafting Results.BJrLFCpDgdJ9kfkD",
              "quantity": "2",
              "name": "Steel Bullion"
            }
          ]
        }
      ],
      "products": [
        {
          "name": null,
          "components": [
            {
              "uuid": "Compendium.dnd5e.items.tWJLHIL6ZIZUez9k",
              "quantity": 1,
              "name": "Manacles"
            }
          ]
        }
      ],
      "img": "icons/weapons/misc/whip-red-yellow.webp",
      "ownership": {
        "fnbYkpHtl1fog06u": "0",
        "TKTuPaWmviyTg5nq": "0",
        "ffm0hg4Ag7AxYV9M": "0",
        "mT0BpCNV1QD6le32": "0",
        "yPjxt8T9laEdUk5W": "0",
        "qvjyllfbPM1W0Emi": "0"
      }
    },
    {
      "name": "Steel Mirror",
      "time": null,
      "macroName": "SmithCheck",
      "ingredientsInspection": "0",
      "productInspection": "0",
      "description": "",
      "tools": "",
      "ingredients": [
        {
          "name": null,
          "components": [
            {
              "uuid": "Compendium.crafting-gathering.Crafting Results.BJrLFCpDgdJ9kfkD",
              "quantity": "5",
              "name": "Steel Bullion"
            }
          ]
        }
      ],
      "products": [
        {
          "name": null,
          "components": [
            {
              "uuid": "Compendium.dnd5e.items.HZsvDPmvysQKGzGy",
              "quantity": 1,
              "name": "Steel Mirror"
            }
          ]
        }
      ],
      "img": "icons/commodities/currency/coin-engraved-slot-one-copper.webp",
      "ownership": {
        "fnbYkpHtl1fog06u": "0",
        "TKTuPaWmviyTg5nq": "0",
        "ffm0hg4Ag7AxYV9M": "0",
        "mT0BpCNV1QD6le32": "0",
        "yPjxt8T9laEdUk5W": "0",
        "qvjyllfbPM1W0Emi": "0"
      }
    },
    {
      "name": "Mess Kit",
      "time": null,
      "macroName": "SmithCheck",
      "ingredientsInspection": "0",
      "productInspection": "0",
      "description": "",
      "tools": "",
      "ingredients": [
        {
          "name": null,
          "components": [
            {
              "uuid": "Compendium.crafting-gathering.Crafting Results.N9iEA5OGKbW4Np1O",
              "quantity": "2",
              "name": "Tin Bullion"
            }
          ]
        }
      ],
      "products": [
        {
          "name": null,
          "components": [
            {
              "uuid": "Compendium.dnd5e.items.V13fjV5oSmvbRdgP",
              "quantity": 1,
              "name": "Mess Kit"
            }
          ]
        }
      ],
      "img": "icons/tools/cooking/fork-steel-tan.webp",
      "ownership": {
        "fnbYkpHtl1fog06u": "0",
        "TKTuPaWmviyTg5nq": "0",
        "ffm0hg4Ag7AxYV9M": "0",
        "mT0BpCNV1QD6le32": "0",
        "yPjxt8T9laEdUk5W": "0",
        "qvjyllfbPM1W0Emi": "0"
      }
    },
    {
      "name": "Miner's Pick",
      "time": null,
      "macroName": "SmithCheck",
      "ingredientsInspection": "0",
      "productInspection": "0",
      "description": "",
      "tools": "",
      "ingredients": [
        {
          "name": null,
          "components": [
            {
              "uuid": "Compendium.crafting-gathering.Crafting Results.BJrLFCpDgdJ9kfkD",
              "quantity": "2",
              "name": "Steel Bullion"
            }
          ]
        }
      ],
      "products": [
        {
          "name": null,
          "components": [
            {
              "uuid": "Compendium.dnd5e.items.X5knPtrQAT8GePJ4",
              "quantity": 1,
              "name": "Miner's Pick"
            }
          ]
        }
      ],
      "img": "icons/tools/hand/pickaxe-steel-white.webp",
      "ownership": {
        "fnbYkpHtl1fog06u": "0",
        "TKTuPaWmviyTg5nq": "0",
        "ffm0hg4Ag7AxYV9M": "0",
        "mT0BpCNV1QD6le32": "0",
        "yPjxt8T9laEdUk5W": "0",
        "qvjyllfbPM1W0Emi": "0"
      }
    },
    {
      "name": "Piton",
      "time": null,
      "macroName": "SmithCheck",
      "ingredientsInspection": "0",
      "productInspection": "0",
      "description": "",
      "tools": "",
      "ingredients": [
        {
          "name": null,
          "components": [
            {
              "uuid": "Compendium.crafting-gathering.Crafting Results.BJrLFCpDgdJ9kfkD",
              "quantity": "1",
              "name": "Steel Bullion"
            }
          ]
        }
      ],
      "products": [
        {
          "name": null,
          "components": [
            {
              "uuid": "Compendium.dnd5e.items.TqyvIglHDj5kfohR",
              "quantity": "20",
              "name": "Piton"
            }
          ]
        }
      ],
      "img": "icons/tools/fasteners/nail-steel.webp",
      "ownership": {
        "fnbYkpHtl1fog06u": "0",
        "TKTuPaWmviyTg5nq": "0",
        "ffm0hg4Ag7AxYV9M": "0",
        "mT0BpCNV1QD6le32": "0",
        "yPjxt8T9laEdUk5W": "0",
        "qvjyllfbPM1W0Emi": "0"
      }
    },
    {
      "name": "Iron Pot",
      "time": null,
      "macroName": "SmithCheck",
      "ingredientsInspection": "0",
      "productInspection": "0",
      "description": "",
      "tools": "",
      "ingredients": [
        {
          "name": null,
          "components": [
            {
              "uuid": "Compendium.crafting-gathering.Crafting Results.IBUDc389465S3LGr",
              "quantity": 1,
              "name": "Iron Ingot"
            }
          ]
        }
      ],
      "products": [
        {
          "name": null,
          "components": [
            {
              "uuid": "Compendium.crafting-gathering.Crafting Results.FoRw42VoI5srNOKn",
              "quantity": 1,
              "name": "Iron Pot"
            }
          ]
        }
      ],
      "img": "icons/tools/laboratory/cauldron-filled-gold.webp",
      "ownership": {
        "fnbYkpHtl1fog06u": "0",
        "TKTuPaWmviyTg5nq": "0",
        "ffm0hg4Ag7AxYV9M": "0",
        "mT0BpCNV1QD6le32": "0",
        "yPjxt8T9laEdUk5W": "0",
        "qvjyllfbPM1W0Emi": "0"
      }
    },
    {
      "name": "Shovel",
      "time": null,
      "macroName": "SmithCheck",
      "ingredientsInspection": "0",
      "productInspection": "0",
      "description": "",
      "tools": "",
      "ingredients": [
        {
          "name": null,
          "components": [
            {
              "uuid": "Compendium.crafting-gathering.Crafting Results.BJrLFCpDgdJ9kfkD",
              "quantity": "2",
              "name": "Steel Bullion"
            }
          ]
        }
      ],
      "products": [
        {
          "name": null,
          "components": [
            {
              "uuid": "Compendium.dnd5e.items.qWlXDEgqdmdZWoab",
              "quantity": 1,
              "name": "Shovel"
            }
          ]
        }
      ],
      "img": "icons/tools/hand/shovel-spade-steel-grey.webp",
      "ownership": {
        "fnbYkpHtl1fog06u": "0",
        "TKTuPaWmviyTg5nq": "0",
        "ffm0hg4Ag7AxYV9M": "0",
        "mT0BpCNV1QD6le32": "0",
        "yPjxt8T9laEdUk5W": "0",
        "qvjyllfbPM1W0Emi": "0"
      }
    },
    {
      "name": "Iron Spike",
      "time": null,
      "macroName": "SmithCheck",
      "ingredientsInspection": "0",
      "productInspection": "0",
      "description": "",
      "tools": "",
      "ingredients": [
        {
          "name": null,
          "components": [
            {
              "uuid": "Compendium.crafting-gathering.Crafting Results.wZA2iyajAihjTxVr",
              "quantity": "5",
              "name": "Iron Bar"
            }
          ]
        }
      ],
      "products": [
        {
          "name": null,
          "components": [
            {
              "uuid": "Compendium.dnd5e.items.RiOeHR2qaYktz5Ys",
              "quantity": "10",
              "name": "Iron Spike"
            }
          ]
        }
      ],
      "img": "icons/sundries/survival/stake-rough-simple-brown.webp",
      "ownership": {
        "fnbYkpHtl1fog06u": "0",
        "TKTuPaWmviyTg5nq": "0",
        "ffm0hg4Ag7AxYV9M": "0",
        "mT0BpCNV1QD6le32": "0",
        "yPjxt8T9laEdUk5W": "0",
        "qvjyllfbPM1W0Emi": "0"
      }
    }
  ],
  "img": "icons/sundries/books/book-worn-brown-grey.webp",
  "documentName": "RecipeBook"
}