{
  "name": "Enchanting (OOTA)",
  "description": "",
  "ownership": {
    "fnbYkpHtl1fog06u": "1",
    "TKTuPaWmviyTg5nq": "1",
    "ffm0hg4Ag7AxYV9M": "2",
    "mT0BpCNV1QD6le32": "2",
    "yPjxt8T9laEdUk5W": "2",
    "qvjyllfbPM1W0Emi": "1"
  },
  "tools": "Enchanting Tools",
  "ingredientsInspection": "1",
  "productInspection": "1",
  "recipes": [
    {
      "name": "Cantrip Spell Gem",
      "time": null,
      "macroName": "EnchantingCheck",
      "ingredientsInspection": "0",
      "productInspection": "0",
      "description": "",
      "tools": "",
      "ingredients": [
        {
          "name": null,
          "components": [
            {
              "uuid": "Compendium.world.ddb-tims_world_v3-ddb-items.R6pVEQt0kjDOhkOV",
              "quantity": 1,
              "name": "Obsidian"
            }
          ]
        }
      ],
      "products": [
        {
          "name": null,
          "components": [
            {
              "uuid": "Compendium.crafting-gathering.Crafting Results OOTA.9FUF1WWbvyXLh3sj",
              "quantity": 1,
              "name": "Cantrip Spell Gem"
            }
          ]
        }
      ],
      "img": "icons/commodities/gems/gem-faceted-round-black.webp",
      "ownership": {
        "fnbYkpHtl1fog06u": "0",
        "TKTuPaWmviyTg5nq": "0",
        "ffm0hg4Ag7AxYV9M": "0",
        "mT0BpCNV1QD6le32": "0",
        "yPjxt8T9laEdUk5W": "0",
        "qvjyllfbPM1W0Emi": "0"
      }
    },
    {
      "name": "1st Level Spell Gem",
      "time": null,
      "macroName": "EnchantingCheck",
      "ingredientsInspection": "0",
      "productInspection": "0",
      "description": "",
      "tools": "",
      "ingredients": [
        {
          "name": null,
          "components": [
            {
              "uuid": "Compendium.world.ddb-tims_world_v3-ddb-items.F2eKzA9QrWYSouzr",
              "quantity": 1,
              "name": "Lapis Lazuli"
            }
          ]
        }
      ],
      "products": [
        {
          "name": null,
          "components": [
            {
              "uuid": "Compendium.crafting-gathering.Crafting Results OOTA.28W2J7ZJCsE7IsBD",
              "quantity": 1,
              "name": "1st Level Spell Gem"
            }
          ]
        }
      ],
      "img": "icons/commodities/gems/gem-faceted-round-black.webp",
      "ownership": {
        "fnbYkpHtl1fog06u": "0",
        "TKTuPaWmviyTg5nq": "0",
        "ffm0hg4Ag7AxYV9M": "0",
        "mT0BpCNV1QD6le32": "0",
        "yPjxt8T9laEdUk5W": "0",
        "qvjyllfbPM1W0Emi": "0"
      }
    },
    {
      "name": "2nd Level Spell Gem",
      "time": null,
      "macroName": "EnchantingCheck",
      "ingredientsInspection": "0",
      "productInspection": "0",
      "description": "",
      "tools": "",
      "ingredients": [
        {
          "name": null,
          "components": [
            {
              "uuid": "Compendium.world.ddb-tims_world_v3-ddb-items.RXAlkRzV5jVBWoDN",
              "quantity": 1,
              "name": "Quartz"
            }
          ]
        }
      ],
      "products": [
        {
          "name": null,
          "components": [
            {
              "uuid": "Compendium.crafting-gathering.Crafting Results OOTA.04DUnRX3XG0Slr4n",
              "quantity": 1,
              "name": "2nd Level Spell Gem"
            }
          ]
        }
      ],
      "img": "icons/commodities/gems/gem-faceted-round-black.webp",
      "ownership": {
        "fnbYkpHtl1fog06u": "0",
        "TKTuPaWmviyTg5nq": "0",
        "ffm0hg4Ag7AxYV9M": "0",
        "mT0BpCNV1QD6le32": "0",
        "yPjxt8T9laEdUk5W": "0",
        "qvjyllfbPM1W0Emi": "0"
      }
    },
    {
      "name": "3rd Level Spell Gem",
      "time": null,
      "macroName": "EnchantingCheck",
      "ingredientsInspection": "0",
      "productInspection": "0",
      "description": "",
      "tools": "",
      "ingredients": [
        {
          "name": null,
          "components": [
            {
              "uuid": "Item.q9AywnSFJTiHnd9d",
              "quantity": 1,
              "name": "Bloodstone"
            }
          ]
        }
      ],
      "products": [
        {
          "name": null,
          "components": [
            {
              "uuid": "Compendium.crafting-gathering.Crafting Results OOTA.KmtaLs4nlYR41WlF",
              "quantity": 1,
              "name": "3rd Level Spell Gem"
            }
          ]
        }
      ],
      "img": "icons/commodities/gems/gem-faceted-round-black.webp",
      "ownership": {
        "fnbYkpHtl1fog06u": "0",
        "TKTuPaWmviyTg5nq": "0",
        "ffm0hg4Ag7AxYV9M": "0",
        "mT0BpCNV1QD6le32": "0",
        "yPjxt8T9laEdUk5W": "0",
        "qvjyllfbPM1W0Emi": "0"
      }
    },
    {
      "name": "4th Level Spell Gem",
      "time": null,
      "macroName": "EnchantingCheck",
      "ingredientsInspection": "0",
      "productInspection": "0",
      "description": "",
      "tools": "",
      "ingredients": [
        {
          "name": null,
          "components": [
            {
              "uuid": "Compendium.world.ddb-tims_world_v3-ddb-items.W8SqRPVn88w5xrSA",
              "quantity": 1,
              "name": "Amber"
            }
          ]
        }
      ],
      "products": [
        {
          "name": null,
          "components": [
            {
              "uuid": "Compendium.crafting-gathering.Crafting Results OOTA.RJ5LzpT4RowuRuf4",
              "quantity": 1,
              "name": "4th Level Spell Gem"
            }
          ]
        }
      ],
      "img": "icons/commodities/gems/gem-faceted-round-black.webp",
      "ownership": {
        "fnbYkpHtl1fog06u": "0",
        "TKTuPaWmviyTg5nq": "0",
        "ffm0hg4Ag7AxYV9M": "0",
        "mT0BpCNV1QD6le32": "0",
        "yPjxt8T9laEdUk5W": "0",
        "qvjyllfbPM1W0Emi": "0"
      }
    },
    {
      "name": "5th Level Spell Gem",
      "time": null,
      "macroName": "EnchantingCheck",
      "ingredientsInspection": "0",
      "productInspection": "0",
      "description": "",
      "tools": "",
      "ingredients": [
        {
          "name": null,
          "components": [
            {
              "uuid": "Compendium.world.ddb-tims_world_v3-ddb-items.r68ZU15eTSnDK7bU",
              "quantity": 1,
              "name": "Jade"
            }
          ]
        }
      ],
      "products": [
        {
          "name": null,
          "components": [
            {
              "uuid": "Compendium.crafting-gathering.Crafting Results OOTA.gwzuuc4qr9yUSkvv",
              "quantity": 1,
              "name": "5th Level Spell Gem"
            }
          ]
        }
      ],
      "img": "icons/commodities/gems/gem-faceted-round-black.webp",
      "ownership": {
        "fnbYkpHtl1fog06u": "2",
        "TKTuPaWmviyTg5nq": "2",
        "ffm0hg4Ag7AxYV9M": "2",
        "mT0BpCNV1QD6le32": "2",
        "yPjxt8T9laEdUk5W": "2",
        "qvjyllfbPM1W0Emi": "0"
      }
    },
    {
      "name": "6th Level Spell Gem",
      "time": null,
      "macroName": "EnchantingCheck",
      "ingredientsInspection": "0",
      "productInspection": "0",
      "description": "",
      "tools": "",
      "ingredients": [
        {
          "name": null,
          "components": [
            {
              "uuid": "Item.QQut0XKgxXSduXS8",
              "quantity": 1,
              "name": "Topaz"
            }
          ]
        }
      ],
      "products": [
        {
          "name": null,
          "components": [
            {
              "uuid": "Compendium.crafting-gathering.Crafting Results OOTA.nhMlUoISKqIYjHQq",
              "quantity": 1,
              "name": "6th Level Spell Gem"
            }
          ]
        }
      ],
      "img": "icons/commodities/gems/gem-faceted-round-black.webp",
      "ownership": {
        "fnbYkpHtl1fog06u": "2",
        "TKTuPaWmviyTg5nq": "2",
        "ffm0hg4Ag7AxYV9M": "2",
        "mT0BpCNV1QD6le32": "2",
        "yPjxt8T9laEdUk5W": "2",
        "qvjyllfbPM1W0Emi": "0"
      }
    },
    {
      "name": "7th Level Spell Gem",
      "time": null,
      "macroName": "EnchantingCheck",
      "ingredientsInspection": "0",
      "productInspection": "0",
      "description": "",
      "tools": "",
      "ingredients": [
        {
          "name": null,
          "components": [
            {
              "uuid": "Compendium.world.ddb-tims_world_v3-ddb-items.91Sds1IRJAWpLEnT",
              "quantity": 1,
              "name": "Star Ruby"
            }
          ]
        }
      ],
      "products": [
        {
          "name": null,
          "components": [
            {
              "uuid": "Compendium.crafting-gathering.Crafting Results OOTA.xSRX0SRZYYBNiQfs",
              "quantity": 1,
              "name": "7th Level Spell Gem"
            }
          ]
        }
      ],
      "img": "icons/commodities/gems/gem-faceted-round-black.webp",
      "ownership": {
        "fnbYkpHtl1fog06u": "2",
        "TKTuPaWmviyTg5nq": "2",
        "ffm0hg4Ag7AxYV9M": "2",
        "mT0BpCNV1QD6le32": "2",
        "yPjxt8T9laEdUk5W": "2",
        "qvjyllfbPM1W0Emi": "0"
      }
    },
    {
      "name": "8th Level Spell Gem",
      "time": null,
      "macroName": "EnchantingCheck",
      "ingredientsInspection": "0",
      "productInspection": "0",
      "description": "",
      "tools": "",
      "ingredients": [
        {
          "name": null,
          "components": [
            {
              "uuid": "Compendium.crafting-gathering.Crafting Results.8CN4od4iezX1YNnU",
              "quantity": 1,
              "name": "Ruby"
            }
          ]
        }
      ],
      "products": [
        {
          "name": null,
          "components": [
            {
              "uuid": "Compendium.crafting-gathering.Crafting Results OOTA.HzdyCBGUIAt7Bxwd",
              "quantity": 1,
              "name": "8th Level Spell Gem"
            }
          ]
        }
      ],
      "img": "icons/commodities/gems/gem-faceted-round-black.webp",
      "ownership": {
        "fnbYkpHtl1fog06u": "2",
        "TKTuPaWmviyTg5nq": "2",
        "ffm0hg4Ag7AxYV9M": "2",
        "mT0BpCNV1QD6le32": "2",
        "yPjxt8T9laEdUk5W": "2",
        "qvjyllfbPM1W0Emi": "0"
      }
    },
    {
      "name": "9th Level Spell Gem",
      "time": null,
      "macroName": "EnchantingCheck",
      "ingredientsInspection": "0",
      "productInspection": "0",
      "description": "",
      "tools": "",
      "ingredients": [
        {
          "name": null,
          "components": [
            {
              "uuid": "Compendium.world.ddb-tims_world_v3-ddb-items.YyKqkX4tcLNAadLT",
              "quantity": 1,
              "name": "Diamond"
            }
          ]
        }
      ],
      "products": [
        {
          "name": null,
          "components": [
            {
              "uuid": "Compendium.crafting-gathering.Crafting Results OOTA.ePV0DaOX1IRuVRao",
              "quantity": 1,
              "name": "9th Level Spell Gem"
            }
          ]
        }
      ],
      "img": "icons/commodities/gems/gem-faceted-round-black.webp",
      "ownership": {
        "fnbYkpHtl1fog06u": "2",
        "TKTuPaWmviyTg5nq": "2",
        "ffm0hg4Ag7AxYV9M": "2",
        "mT0BpCNV1QD6le32": "2",
        "yPjxt8T9laEdUk5W": "2",
        "qvjyllfbPM1W0Emi": "0"
      }
    }
  ],
  "img": "icons/sundries/books/book-worn-brown-grey.webp",
  "documentName": "RecipeBook"
}