{
  "name": "Alchemy",
  "description": "",
  "ownership": {
    "fnbYkpHtl1fog06u": "2",
    "TKTuPaWmviyTg5nq": "1",
    "ffm0hg4Ag7AxYV9M": "2",
    "mT0BpCNV1QD6le32": "2",
    "yPjxt8T9laEdUk5W": "2",
    "qvjyllfbPM1W0Emi": "1"
  },
  "tools": "Alchemist's Supplies",
  "ingredientsInspection": "1",
  "productInspection": "1",
  "recipes": [
    {
      "name": "Acid (vial)",
      "time": null,
      "macroName": "AlchemyCheck",
      "ingredientsInspection": "0",
      "productInspection": "0",
      "description": "",
      "tools": "",
      "ingredients": [
        {
          "name": null,
          "components": [
            {
              "uuid": "Compendium.crafting-gathering.Crafting Ingredients.5HBnarGT6DubANFH",
              "quantity": 1,
              "name": "Black Pudding Secretion"
            }
          ]
        },
        {
          "name": null,
          "components": [
            {
              "uuid": "Compendium.crafting-gathering.Crafting Results.cSMnZheuGDnexpDX",
              "quantity": 1,
              "name": "Vial"
            }
          ]
        }
      ],
      "products": [
        {
          "name": null,
          "components": [
            {
              "uuid": "Compendium.dnd5e.items.Sx5E6utixHdAbGNb",
              "quantity": 1,
              "name": "Acid (vial)"
            }
          ]
        }
      ],
      "img": "icons/consumables/potions/bottle-round-corked-green.webp",
      "ownership": {
        "fnbYkpHtl1fog06u": "0",
        "TKTuPaWmviyTg5nq": "0",
        "ffm0hg4Ag7AxYV9M": "0",
        "mT0BpCNV1QD6le32": "0",
        "yPjxt8T9laEdUk5W": "0",
        "qvjyllfbPM1W0Emi": "0"
      }
    },
    {
      "name": "Alchemist's Fire",
      "time": null,
      "macroName": "AlchemyCheck",
      "ingredientsInspection": "0",
      "productInspection": "0",
      "description": "",
      "tools": "",
      "ingredients": [
        {
          "name": null,
          "components": [
            {
              "uuid": "Compendium.crafting-gathering.Crafting Ingredients.DVJlQx1mmsisDVmN",
              "quantity": 1,
              "name": "Fire Salts"
            }
          ]
        },
        {
          "name": null,
          "components": [
            {
              "uuid": "Compendium.crafting-gathering.Crafting Results.cSMnZheuGDnexpDX",
              "quantity": 1,
              "name": "Vial"
            }
          ]
        }
      ],
      "products": [
        {
          "name": null,
          "components": [
            {
              "uuid": "Compendium.dnd5e.items.FvNOwWbh5FXyX4xe",
              "quantity": 1,
              "name": "Alchemist's Fire"
            }
          ]
        }
      ],
      "img": "icons/consumables/potions/bottle-round-corked-yellow.webp",
      "ownership": {
        "fnbYkpHtl1fog06u": "0",
        "TKTuPaWmviyTg5nq": "0",
        "ffm0hg4Ag7AxYV9M": "0",
        "mT0BpCNV1QD6le32": "0",
        "yPjxt8T9laEdUk5W": "0",
        "qvjyllfbPM1W0Emi": "0"
      }
    },
    {
      "name": "Dust of Disappearance",
      "time": null,
      "macroName": "AlchemyCheck",
      "ingredientsInspection": "0",
      "productInspection": "0",
      "description": "",
      "tools": "",
      "ingredients": [
        {
          "name": null,
          "components": [
            {
              "uuid": "Compendium.crafting-gathering.Crafting Ingredients.rcnZyJ9NxI0wozgR",
              "quantity": 1,
              "name": "Fademoss"
            }
          ]
        },
        {
          "name": null,
          "components": [
            {
              "uuid": "Compendium.crafting-gathering.Crafting Results.GNeBS0nDkGkKUyos",
              "quantity": 1,
              "name": "Pouch"
            }
          ]
        }
      ],
      "products": [
        {
          "name": null,
          "components": [
            {
              "uuid": "Compendium.dnd5e.items.cGUPm15mLfhGDz2b",
              "quantity": 1,
              "name": "Dust of Disappearance"
            }
          ]
        }
      ],
      "img": "icons/magic/water/bubbles-air-water-light.webp",
      "ownership": {
        "fnbYkpHtl1fog06u": "0",
        "TKTuPaWmviyTg5nq": "0",
        "ffm0hg4Ag7AxYV9M": "0",
        "mT0BpCNV1QD6le32": "0",
        "yPjxt8T9laEdUk5W": "0",
        "qvjyllfbPM1W0Emi": "0"
      }
    },
    {
      "name": "Dust of Dryness",
      "time": null,
      "macroName": "AlchemyCheck",
      "ingredientsInspection": "0",
      "productInspection": "0",
      "description": "",
      "tools": "",
      "ingredients": [
        {
          "name": null,
          "components": [
            {
              "uuid": "Compendium.crafting-gathering.Crafting Ingredients.M9By3TMA7pFwUnHb",
              "quantity": 1,
              "name": "Mage Cactus"
            }
          ]
        },
        {
          "name": null,
          "components": [
            {
              "uuid": "Compendium.crafting-gathering.Crafting Results.GNeBS0nDkGkKUyos",
              "quantity": 1,
              "name": "Pouch"
            }
          ]
        }
      ],
      "products": [
        {
          "name": null,
          "components": [
            {
              "uuid": "Compendium.dnd5e.items.eMR6B4bIoJPUDJG8",
              "quantity": 1,
              "name": "Dust of Dryness"
            }
          ]
        }
      ],
      "img": "icons/magic/air/air-wave-gust-smoke-yellow.webp",
      "ownership": {
        "fnbYkpHtl1fog06u": "0",
        "TKTuPaWmviyTg5nq": "0",
        "ffm0hg4Ag7AxYV9M": "0",
        "mT0BpCNV1QD6le32": "0",
        "yPjxt8T9laEdUk5W": "0",
        "qvjyllfbPM1W0Emi": "0"
      }
    },
    {
      "name": "Dust of Sneezing and Choking",
      "time": null,
      "macroName": "AlchemyCheck",
      "ingredientsInspection": "0",
      "productInspection": "0",
      "description": "",
      "tools": "",
      "ingredients": [
        {
          "name": null,
          "components": [
            {
              "uuid": "Compendium.crafting-gathering.Crafting Ingredients.0US8Fvc0KGRvKXHv",
              "quantity": 1,
              "name": "Wintergrass Pollen"
            }
          ]
        },
        {
          "name": null,
          "components": [
            {
              "uuid": "Compendium.crafting-gathering.Crafting Results.GNeBS0nDkGkKUyos",
              "quantity": 1,
              "name": "Pouch"
            }
          ]
        }
      ],
      "products": [
        {
          "name": null,
          "components": [
            {
              "uuid": "Compendium.dnd5e.items.9eyZY9tL3fXD1Mbm",
              "quantity": 1,
              "name": "Dust of Sneezing and Choking"
            }
          ]
        }
      ],
      "img": "icons/magic/water/bubbles-air-water-light.webp",
      "ownership": {
        "fnbYkpHtl1fog06u": "0",
        "TKTuPaWmviyTg5nq": "0",
        "ffm0hg4Ag7AxYV9M": "0",
        "mT0BpCNV1QD6le32": "0",
        "yPjxt8T9laEdUk5W": "0",
        "qvjyllfbPM1W0Emi": "0"
      }
    },
    {
      "name": "Oil of Etherealness",
      "time": null,
      "macroName": "AlchemyCheck",
      "ingredientsInspection": "0",
      "productInspection": "0",
      "description": "",
      "tools": "",
      "ingredients": [
        {
          "name": null,
          "components": [
            {
              "uuid": "Compendium.crafting-gathering.Crafting Ingredients.KXcmRLUMV4zyUgxH",
              "quantity": 1,
              "name": "Mage Cap Extract"
            }
          ]
        },
        {
          "name": null,
          "components": [
            {
              "uuid": "Compendium.crafting-gathering.Crafting Results.cSMnZheuGDnexpDX",
              "quantity": 1,
              "name": "Vial"
            }
          ]
        }
      ],
      "products": [
        {
          "name": null,
          "components": [
            {
              "uuid": "Compendium.dnd5e.items.Xbq8CyXSRV358SfP",
              "quantity": 1,
              "name": "Oil of Etherealness"
            }
          ]
        }
      ],
      "img": "icons/consumables/potions/bottle-conical-corked-labeled-shell-cyan.webp",
      "ownership": {
        "fnbYkpHtl1fog06u": "2",
        "TKTuPaWmviyTg5nq": "2",
        "ffm0hg4Ag7AxYV9M": "2",
        "mT0BpCNV1QD6le32": "2",
        "yPjxt8T9laEdUk5W": "2",
        "qvjyllfbPM1W0Emi": "0"
      }
    },
    {
      "name": "Oil of Sharpness",
      "time": null,
      "macroName": "AlchemyCheck",
      "ingredientsInspection": "0",
      "productInspection": "0",
      "description": "",
      "tools": "",
      "ingredients": [
        {
          "name": null,
          "components": [
            {
              "uuid": "Compendium.crafting-gathering.Crafting Ingredients.m4hcAn2p1uutr1g9",
              "quantity": 1,
              "name": "Strangeweed Extract"
            }
          ]
        },
        {
          "name": null,
          "components": [
            {
              "uuid": "Compendium.crafting-gathering.Crafting Results.cSMnZheuGDnexpDX",
              "quantity": 1,
              "name": "Vial"
            }
          ]
        }
      ],
      "products": [
        {
          "name": null,
          "components": [
            {
              "uuid": "Compendium.dnd5e.items.C0MNXWA81ufzGlp5",
              "quantity": 1,
              "name": "Oil of Sharpness"
            }
          ]
        }
      ],
      "img": "icons/consumables/potions/potion-tube-corked-bat-gold-red.webp",
      "ownership": {
        "fnbYkpHtl1fog06u": "2",
        "TKTuPaWmviyTg5nq": "2",
        "ffm0hg4Ag7AxYV9M": "2",
        "mT0BpCNV1QD6le32": "2",
        "yPjxt8T9laEdUk5W": "2",
        "qvjyllfbPM1W0Emi": "0"
      }
    },
    {
      "name": "Oil of Slipperiness",
      "time": null,
      "macroName": "AlchemyCheck",
      "ingredientsInspection": "0",
      "productInspection": "0",
      "description": "",
      "tools": "",
      "ingredients": [
        {
          "name": null,
          "components": [
            {
              "uuid": "Compendium.crafting-gathering.Crafting Ingredients.zCiABirqOIVCHoXj",
              "quantity": 1,
              "name": "Icefoil Extract"
            }
          ]
        },
        {
          "name": null,
          "components": [
            {
              "uuid": "Compendium.crafting-gathering.Crafting Results.cSMnZheuGDnexpDX",
              "quantity": 1,
              "name": "Vial"
            }
          ]
        }
      ],
      "products": [
        {
          "name": null,
          "components": [
            {
              "uuid": "Compendium.dnd5e.items.FIDyR0kZnxGy7bj8",
              "quantity": 1,
              "name": "Oil of Slipperiness"
            }
          ]
        }
      ],
      "img": "icons/consumables/potions/bottle-circular-corked-labeled-green.webp",
      "ownership": {
        "fnbYkpHtl1fog06u": "0",
        "TKTuPaWmviyTg5nq": "0",
        "ffm0hg4Ag7AxYV9M": "0",
        "mT0BpCNV1QD6le32": "0",
        "yPjxt8T9laEdUk5W": "0",
        "qvjyllfbPM1W0Emi": "0"
      }
    },
    {
      "name": "Philter of Love",
      "time": null,
      "macroName": "AlchemyCheck",
      "ingredientsInspection": "0",
      "productInspection": "0",
      "description": "",
      "tools": "",
      "ingredients": [
        {
          "name": null,
          "components": [
            {
              "uuid": "Compendium.crafting-gathering.Crafting Ingredients.uotQmeyDirvstk1r",
              "quantity": 1,
              "name": "Golden Sage"
            }
          ]
        },
        {
          "name": null,
          "components": [
            {
              "uuid": "Compendium.crafting-gathering.Crafting Results.cSMnZheuGDnexpDX",
              "quantity": 1,
              "name": "Vial"
            }
          ]
        }
      ],
      "products": [
        {
          "name": null,
          "components": [
            {
              "uuid": "Compendium.dnd5e.items.63nb14yQRJMc4bIn",
              "quantity": 1,
              "name": "Philter of Love"
            }
          ]
        }
      ],
      "img": "icons/consumables/potions/potion-flask-corked-labeled-pink.webp",
      "ownership": {
        "fnbYkpHtl1fog06u": "0",
        "TKTuPaWmviyTg5nq": "0",
        "ffm0hg4Ag7AxYV9M": "0",
        "mT0BpCNV1QD6le32": "0",
        "yPjxt8T9laEdUk5W": "0",
        "qvjyllfbPM1W0Emi": "0"
      }
    },
    {
      "name": "Potion of Acid Resistance",
      "time": null,
      "macroName": "AlchemyCheck",
      "ingredientsInspection": "0",
      "productInspection": "0",
      "description": "",
      "tools": "",
      "ingredients": [
        {
          "name": null,
          "components": [
            {
              "uuid": "Compendium.crafting-gathering.Crafting Ingredients.QToiMIvdIUrf5ntz",
              "quantity": 1,
              "name": "Marrowbark"
            }
          ]
        },
        {
          "name": null,
          "components": [
            {
              "uuid": "Compendium.crafting-gathering.Crafting Results.cSMnZheuGDnexpDX",
              "quantity": 1,
              "name": "Vial"
            }
          ]
        }
      ],
      "products": [
        {
          "name": null,
          "components": [
            {
              "uuid": "Compendium.dnd5e.items.zgZkJAyFAfYmyn11",
              "quantity": 1,
              "name": "Potion of Acid Resistance"
            }
          ]
        }
      ],
      "img": "icons/consumables/potions/bottle-bulb-corked-green.webp",
      "ownership": {
        "fnbYkpHtl1fog06u": "0",
        "TKTuPaWmviyTg5nq": "0",
        "ffm0hg4Ag7AxYV9M": "0",
        "mT0BpCNV1QD6le32": "0",
        "yPjxt8T9laEdUk5W": "0",
        "qvjyllfbPM1W0Emi": "0"
      }
    },
    {
      "name": "Potion of Animal Friendship",
      "time": null,
      "macroName": "AlchemyCheck",
      "ingredientsInspection": "0",
      "productInspection": "0",
      "description": "",
      "tools": "",
      "ingredients": [
        {
          "name": null,
          "components": [
            {
              "uuid": "Compendium.crafting-gathering.Crafting Ingredients.APxSRdWn204TsIuX",
              "quantity": 1,
              "name": "Glory Bloom"
            }
          ]
        },
        {
          "name": null,
          "components": [
            {
              "uuid": "Compendium.crafting-gathering.Crafting Results.cSMnZheuGDnexpDX",
              "quantity": 1,
              "name": "Vial"
            }
          ]
        }
      ],
      "products": [
        {
          "name": null,
          "components": [
            {
              "uuid": "Compendium.dnd5e.items.nXWevqtV6p484N59",
              "quantity": 1,
              "name": "Potion of Animal Friendship"
            }
          ]
        }
      ],
      "img": "icons/consumables/potions/potion-bottle-corked-labeled-green.webp",
      "ownership": {
        "fnbYkpHtl1fog06u": "0",
        "TKTuPaWmviyTg5nq": "0",
        "ffm0hg4Ag7AxYV9M": "0",
        "mT0BpCNV1QD6le32": "0",
        "yPjxt8T9laEdUk5W": "0",
        "qvjyllfbPM1W0Emi": "0"
      }
    },
    {
      "name": "Potion of Clairvoyance",
      "time": null,
      "macroName": "AlchemyCheck",
      "ingredientsInspection": "0",
      "productInspection": "0",
      "description": "",
      "tools": "",
      "ingredients": [
        {
          "name": null,
          "components": [
            {
              "uuid": "Compendium.crafting-gathering.Crafting Ingredients.ta8DKqY14LPzaE2C",
              "quantity": 1,
              "name": "Good Berries"
            }
          ]
        },
        {
          "name": null,
          "components": [
            {
              "uuid": "Compendium.crafting-gathering.Crafting Results.cSMnZheuGDnexpDX",
              "quantity": 1,
              "name": "Vial"
            }
          ]
        }
      ],
      "products": [
        {
          "name": null,
          "components": [
            {
              "uuid": "Compendium.dnd5e.items.bAyr7j5Peq9wIJTa",
              "quantity": 1,
              "name": "Potion of Clairvoyance"
            }
          ]
        }
      ],
      "img": "icons/consumables/potions/bottle-bulb-corked-purple.webp",
      "ownership": {
        "fnbYkpHtl1fog06u": "2",
        "TKTuPaWmviyTg5nq": "2",
        "ffm0hg4Ag7AxYV9M": "2",
        "mT0BpCNV1QD6le32": "2",
        "yPjxt8T9laEdUk5W": "2",
        "qvjyllfbPM1W0Emi": "0"
      }
    },
    {
      "name": "Potion of Climbing",
      "time": null,
      "macroName": "AlchemyCheck",
      "ingredientsInspection": "0",
      "productInspection": "0",
      "description": "",
      "tools": "",
      "ingredients": [
        {
          "name": null,
          "components": [
            {
              "uuid": "Compendium.crafting-gathering.Crafting Ingredients.Xb3ATlQi8caaJI3E",
              "quantity": 1,
              "name": "Nettlevine"
            }
          ]
        },
        {
          "name": null,
          "components": [
            {
              "uuid": "Compendium.crafting-gathering.Crafting Results.cSMnZheuGDnexpDX",
              "quantity": 1,
              "name": "Vial"
            }
          ]
        }
      ],
      "products": [
        {
          "name": null,
          "components": [
            {
              "uuid": "Compendium.dnd5e.items.aMnWi1WXWpxRHq4r",
              "quantity": 1,
              "name": "Potion of Climbing"
            }
          ]
        }
      ],
      "img": "icons/consumables/potions/potion-vial-corked-labeled-purple.webp",
      "ownership": {
        "fnbYkpHtl1fog06u": "0",
        "TKTuPaWmviyTg5nq": "0",
        "ffm0hg4Ag7AxYV9M": "0",
        "mT0BpCNV1QD6le32": "0",
        "yPjxt8T9laEdUk5W": "0",
        "qvjyllfbPM1W0Emi": "0"
      }
    },
    {
      "name": "Potion of Cloud Giant Strength",
      "time": null,
      "macroName": "AlchemyCheck",
      "ingredientsInspection": "0",
      "productInspection": "0",
      "description": "",
      "tools": "",
      "ingredients": [
        {
          "name": null,
          "components": [
            {
              "uuid": "Compendium.crafting-gathering.Crafting Ingredients.4xNxq5fOW3G07cN8",
              "quantity": 1,
              "name": "Cloud Giant Blood"
            }
          ]
        },
        {
          "name": null,
          "components": [
            {
              "uuid": "Compendium.crafting-gathering.Crafting Results.cSMnZheuGDnexpDX",
              "quantity": 1,
              "name": "Vial"
            }
          ]
        }
      ],
      "products": [
        {
          "name": null,
          "components": [
            {
              "uuid": "Compendium.dnd5e.items.lAcTZgNtpmks2Mo5",
              "quantity": 1,
              "name": "Potion of Cloud Giant Strength"
            }
          ]
        }
      ],
      "img": "icons/consumables/potions/bottle-round-corked-blue.webp",
      "ownership": {
        "fnbYkpHtl1fog06u": "2",
        "TKTuPaWmviyTg5nq": "2",
        "ffm0hg4Ag7AxYV9M": "2",
        "mT0BpCNV1QD6le32": "2",
        "yPjxt8T9laEdUk5W": "2",
        "qvjyllfbPM1W0Emi": "0"
      }
    },
    {
      "name": "Potion of Cold Resistance",
      "time": null,
      "macroName": "AlchemyCheck",
      "ingredientsInspection": "0",
      "productInspection": "0",
      "description": "",
      "tools": "",
      "ingredients": [
        {
          "name": null,
          "components": [
            {
              "uuid": "Compendium.crafting-gathering.Crafting Ingredients.1nOyLWKFEJmN4sxE",
              "quantity": 1,
              "name": "Summer's Kiss"
            }
          ]
        },
        {
          "name": null,
          "components": [
            {
              "uuid": "Compendium.crafting-gathering.Crafting Results.cSMnZheuGDnexpDX",
              "quantity": 1,
              "name": "Vial"
            }
          ]
        }
      ],
      "products": [
        {
          "name": null,
          "components": [
            {
              "uuid": "Compendium.dnd5e.items.34YKlIJVVWLeBv7R",
              "quantity": 1,
              "name": "Potion of Cold Resistance"
            }
          ]
        }
      ],
      "img": "icons/consumables/potions/bottle-bulb-corked-labeled-blue.webp",
      "ownership": {
        "fnbYkpHtl1fog06u": "0",
        "TKTuPaWmviyTg5nq": "0",
        "ffm0hg4Ag7AxYV9M": "0",
        "mT0BpCNV1QD6le32": "0",
        "yPjxt8T9laEdUk5W": "0",
        "qvjyllfbPM1W0Emi": "0"
      }
    },
    {
      "name": "Potion of Diminution",
      "time": null,
      "macroName": "AlchemyCheck",
      "ingredientsInspection": "0",
      "productInspection": "0",
      "description": "",
      "tools": "",
      "ingredients": [
        {
          "name": null,
          "components": [
            {
              "uuid": "Compendium.crafting-gathering.Crafting Ingredients.iHKwZ4r3UAG27xJd",
              "quantity": 1,
              "name": "Cinderstem"
            }
          ]
        },
        {
          "name": null,
          "components": [
            {
              "uuid": "Compendium.crafting-gathering.Crafting Results.cSMnZheuGDnexpDX",
              "quantity": 1,
              "name": "Vial"
            }
          ]
        }
      ],
      "products": [
        {
          "name": null,
          "components": [
            {
              "uuid": "Compendium.dnd5e.items.HY8duCwmvlXOruTG",
              "quantity": 1,
              "name": "Potion of Diminution"
            }
          ]
        }
      ],
      "img": "icons/consumables/potions/potion-tube-corked-glowing-red.webp",
      "ownership": {
        "fnbYkpHtl1fog06u": "2",
        "TKTuPaWmviyTg5nq": "2",
        "ffm0hg4Ag7AxYV9M": "2",
        "mT0BpCNV1QD6le32": "2",
        "yPjxt8T9laEdUk5W": "2",
        "qvjyllfbPM1W0Emi": "0"
      }
    },
    {
      "name": "Potion of Fire Giant Strength",
      "time": null,
      "macroName": "AlchemyCheck",
      "ingredientsInspection": "0",
      "productInspection": "0",
      "description": "",
      "tools": "",
      "ingredients": [
        {
          "name": null,
          "components": [
            {
              "uuid": "Compendium.crafting-gathering.Crafting Ingredients.92aexNC4PXx4qzne",
              "quantity": 1,
              "name": "Hill Giant Blood"
            }
          ]
        },
        {
          "name": null,
          "components": [
            {
              "uuid": "Compendium.crafting-gathering.Crafting Results.cSMnZheuGDnexpDX",
              "quantity": 1,
              "name": "Vial"
            }
          ]
        }
      ],
      "products": [
        {
          "name": null,
          "components": [
            {
              "uuid": "Compendium.dnd5e.items.bEZOY6uvHRweMM56",
              "quantity": 1,
              "name": "Potion of Fire Giant Strength"
            }
          ]
        }
      ],
      "img": "icons/consumables/potions/bottle-bulb-corked-green.webp",
      "ownership": {
        "fnbYkpHtl1fog06u": "2",
        "TKTuPaWmviyTg5nq": "2",
        "ffm0hg4Ag7AxYV9M": "2",
        "mT0BpCNV1QD6le32": "2",
        "yPjxt8T9laEdUk5W": "2",
        "qvjyllfbPM1W0Emi": "0"
      }
    },
    {
      "name": "Potion of Fire Resistance",
      "time": null,
      "macroName": "AlchemyCheck",
      "ingredientsInspection": "0",
      "productInspection": "0",
      "description": "",
      "tools": "",
      "ingredients": [
        {
          "name": null,
          "components": [
            {
              "uuid": "Compendium.crafting-gathering.Crafting Ingredients.88Q0BI5Tul6rjcnR",
              "quantity": 1,
              "name": "Winter's Breath"
            }
          ]
        },
        {
          "name": null,
          "components": [
            {
              "uuid": "Compendium.crafting-gathering.Crafting Results.cSMnZheuGDnexpDX",
              "quantity": 1,
              "name": "Vial"
            }
          ]
        }
      ],
      "products": [
        {
          "name": null,
          "components": [
            {
              "uuid": "Compendium.dnd5e.items.Jj4iFQQGvckx8Wsj",
              "quantity": 1,
              "name": "Potion of Fire Resistance"
            }
          ]
        }
      ],
      "img": "icons/consumables/potions/bottle-bulb-corked-glowing-red.webp",
      "ownership": {
        "fnbYkpHtl1fog06u": "0",
        "TKTuPaWmviyTg5nq": "0",
        "ffm0hg4Ag7AxYV9M": "0",
        "mT0BpCNV1QD6le32": "0",
        "yPjxt8T9laEdUk5W": "0",
        "qvjyllfbPM1W0Emi": "0"
      }
    },
    {
      "name": "Potion of Flying",
      "time": null,
      "macroName": "AlchemyCheck",
      "ingredientsInspection": "0",
      "productInspection": "0",
      "description": "",
      "tools": "",
      "ingredients": [
        {
          "name": null,
          "components": [
            {
              "uuid": "Compendium.crafting-gathering.Crafting Ingredients.KjPbGleCse69UzwP",
              "quantity": 1,
              "name": "Dragon Tears"
            }
          ]
        },
        {
          "name": null,
          "components": [
            {
              "uuid": "Compendium.crafting-gathering.Crafting Results.cSMnZheuGDnexpDX",
              "quantity": 1,
              "name": "Vial"
            }
          ]
        }
      ],
      "products": [
        {
          "name": null,
          "components": [
            {
              "uuid": "Compendium.dnd5e.items.eTNc8XPtvZNe3yQs",
              "quantity": 1,
              "name": "Potion of Flying"
            }
          ]
        }
      ],
      "img": "icons/consumables/potions/potion-tube-corked-bat-gold-red.webp",
      "ownership": {
        "fnbYkpHtl1fog06u": "2",
        "TKTuPaWmviyTg5nq": "2",
        "ffm0hg4Ag7AxYV9M": "2",
        "mT0BpCNV1QD6le32": "2",
        "yPjxt8T9laEdUk5W": "2",
        "qvjyllfbPM1W0Emi": "0"
      }
    },
    {
      "name": "Potion of Force Resistance",
      "time": null,
      "macroName": "AlchemyCheck",
      "ingredientsInspection": "0",
      "productInspection": "0",
      "description": "",
      "tools": "",
      "ingredients": [
        {
          "name": null,
          "components": [
            {
              "uuid": "Compendium.crafting-gathering.Crafting Ingredients.H8GihqufkRkor9dY",
              "quantity": 1,
              "name": "Icevine Stalks"
            }
          ]
        },
        {
          "name": null,
          "components": [
            {
              "uuid": "Compendium.crafting-gathering.Crafting Results.cSMnZheuGDnexpDX",
              "quantity": 1,
              "name": "Vial"
            }
          ]
        }
      ],
      "products": [
        {
          "name": null,
          "components": [
            {
              "uuid": "Compendium.dnd5e.items.kKGJjVVlJVoakWgQ",
              "quantity": 1,
              "name": "Potion of Force Resistance"
            }
          ]
        }
      ],
      "img": "icons/consumables/potions/bottle-bulb-corked-labeled-blue.webp",
      "ownership": {
        "fnbYkpHtl1fog06u": "0",
        "TKTuPaWmviyTg5nq": "0",
        "ffm0hg4Ag7AxYV9M": "0",
        "mT0BpCNV1QD6le32": "0",
        "yPjxt8T9laEdUk5W": "0",
        "qvjyllfbPM1W0Emi": "0"
      }
    },
    {
      "name": "Potion of Frost Giant Strength",
      "time": null,
      "macroName": "AlchemyCheck",
      "ingredientsInspection": "0",
      "productInspection": "0",
      "description": "",
      "tools": "",
      "ingredients": [
        {
          "name": null,
          "components": [
            {
              "uuid": "Compendium.crafting-gathering.Crafting Ingredients.04OyiVXcl1jq71TL",
              "quantity": 1,
              "name": "Frost Giant Blood"
            }
          ]
        },
        {
          "name": null,
          "components": [
            {
              "uuid": "Compendium.crafting-gathering.Crafting Results.cSMnZheuGDnexpDX",
              "quantity": 1,
              "name": "Vial"
            }
          ]
        }
      ],
      "products": [
        {
          "name": null,
          "components": [
            {
              "uuid": "Compendium.dnd5e.items.TevMHicE3A70AlmP",
              "quantity": 1,
              "name": "Potion of Frost Giant Strength"
            }
          ]
        }
      ],
      "img": "icons/consumables/potions/bottle-round-corked-blue.webp",
      "ownership": {
        "fnbYkpHtl1fog06u": "2",
        "TKTuPaWmviyTg5nq": "2",
        "ffm0hg4Ag7AxYV9M": "2",
        "mT0BpCNV1QD6le32": "2",
        "yPjxt8T9laEdUk5W": "2",
        "qvjyllfbPM1W0Emi": "0"
      }
    },
    {
      "name": "Potion of Gaseous Form",
      "time": null,
      "macroName": "AlchemyCheck",
      "ingredientsInspection": "0",
      "productInspection": "0",
      "description": "",
      "tools": "",
      "ingredients": [
        {
          "name": null,
          "components": [
            {
              "uuid": "Compendium.crafting-gathering.Crafting Ingredients.qgpvCoHIzWKZimnU",
              "quantity": 1,
              "name": "Stormtail"
            }
          ]
        },
        {
          "name": null,
          "components": [
            {
              "uuid": "Compendium.crafting-gathering.Crafting Results.cSMnZheuGDnexpDX",
              "quantity": 1,
              "name": "Vial"
            }
          ]
        }
      ],
      "products": [
        {
          "name": null,
          "components": [
            {
              "uuid": "Compendium.dnd5e.items.bqZ6NTLDCUB98YjV",
              "quantity": 1,
              "name": "Potion of Gaseous Form"
            }
          ]
        }
      ],
      "img": "icons/consumables/potions/potion-bottle-skull-label-poison-teal.webp",
      "ownership": {
        "fnbYkpHtl1fog06u": "2",
        "TKTuPaWmviyTg5nq": "2",
        "ffm0hg4Ag7AxYV9M": "2",
        "mT0BpCNV1QD6le32": "2",
        "yPjxt8T9laEdUk5W": "2",
        "qvjyllfbPM1W0Emi": "0"
      }
    },
    {
      "name": "Potion of Growth",
      "time": null,
      "macroName": "AlchemyCheck",
      "ingredientsInspection": "0",
      "productInspection": "0",
      "description": "",
      "tools": "",
      "ingredients": [
        {
          "name": null,
          "components": [
            {
              "uuid": "Compendium.crafting-gathering.Crafting Ingredients.NmBkwyMoOQSDZQ2y",
              "quantity": 1,
              "name": "Heartbud"
            }
          ]
        },
        {
          "name": null,
          "components": [
            {
              "uuid": "Compendium.crafting-gathering.Crafting Results.cSMnZheuGDnexpDX",
              "quantity": 1,
              "name": "Vial"
            }
          ]
        }
      ],
      "products": [
        {
          "name": null,
          "components": [
            {
              "uuid": "Compendium.dnd5e.items.gTRFQLdVD1gsKtPi",
              "quantity": 1,
              "name": "Potion of Growth"
            }
          ]
        }
      ],
      "img": "icons/consumables/potions/potion-tube-corked-glowing-red.webp",
      "ownership": {
        "fnbYkpHtl1fog06u": "0",
        "TKTuPaWmviyTg5nq": "0",
        "ffm0hg4Ag7AxYV9M": "0",
        "mT0BpCNV1QD6le32": "0",
        "yPjxt8T9laEdUk5W": "0",
        "qvjyllfbPM1W0Emi": "0"
      }
    },
    {
      "name": "Potion of Heroism",
      "time": null,
      "macroName": "AlchemyCheck",
      "ingredientsInspection": "0",
      "productInspection": "0",
      "description": "",
      "tools": "",
      "ingredients": [
        {
          "name": null,
          "components": [
            {
              "uuid": "Compendium.crafting-gathering.Crafting Ingredients.osnR8wrO3O65bDYD",
              "quantity": 1,
              "name": "Arrowhead Blooms"
            }
          ]
        },
        {
          "name": null,
          "components": [
            {
              "uuid": "Compendium.crafting-gathering.Crafting Results.cSMnZheuGDnexpDX",
              "quantity": 1,
              "name": "Vial"
            }
          ]
        }
      ],
      "products": [
        {
          "name": null,
          "components": [
            {
              "uuid": "Compendium.dnd5e.items.wNKYbKYwOHbA7SH8",
              "quantity": 1,
              "name": "Potion of Heroism"
            }
          ]
        }
      ],
      "img": "icons/consumables/potions/potion-bottle-corked-fancy-orange.webp",
      "ownership": {
        "fnbYkpHtl1fog06u": "2",
        "TKTuPaWmviyTg5nq": "2",
        "ffm0hg4Ag7AxYV9M": "2",
        "mT0BpCNV1QD6le32": "2",
        "yPjxt8T9laEdUk5W": "2",
        "qvjyllfbPM1W0Emi": "0"
      }
    },
    {
      "name": "Potion of Hill Giant Strength",
      "time": null,
      "macroName": "AlchemyCheck",
      "ingredientsInspection": "0",
      "productInspection": "0",
      "description": "",
      "tools": "",
      "ingredients": [
        {
          "name": null,
          "components": [
            {
              "uuid": "Compendium.crafting-gathering.Crafting Ingredients.92aexNC4PXx4qzne",
              "quantity": 1,
              "name": "Hill Giant Blood"
            }
          ]
        },
        {
          "name": null,
          "components": [
            {
              "uuid": "Compendium.crafting-gathering.Crafting Results.cSMnZheuGDnexpDX",
              "quantity": 1,
              "name": "Vial"
            }
          ]
        }
      ],
      "products": [
        {
          "name": null,
          "components": [
            {
              "uuid": "Compendium.dnd5e.items.mhFBTY0egW8AeCHe",
              "quantity": 1,
              "name": "Potion of Hill Giant Strength"
            }
          ]
        }
      ],
      "img": "icons/consumables/potions/bottle-bulb-corked-green.webp",
      "ownership": {
        "fnbYkpHtl1fog06u": "0",
        "TKTuPaWmviyTg5nq": "0",
        "ffm0hg4Ag7AxYV9M": "0",
        "mT0BpCNV1QD6le32": "0",
        "yPjxt8T9laEdUk5W": "0",
        "qvjyllfbPM1W0Emi": "0"
      }
    },
    {
      "name": "Potion of Invisibility",
      "time": null,
      "macroName": "AlchemyCheck",
      "ingredientsInspection": "0",
      "productInspection": "0",
      "description": "",
      "tools": "",
      "ingredients": [
        {
          "name": null,
          "components": [
            {
              "uuid": "Compendium.crafting-gathering.Crafting Ingredients.jbtWY3Cgpq74nLzy",
              "quantity": 1,
              "name": "Netherweed"
            }
          ]
        },
        {
          "name": null,
          "components": [
            {
              "uuid": "Compendium.crafting-gathering.Crafting Results.cSMnZheuGDnexpDX",
              "quantity": 1,
              "name": "Vial"
            }
          ]
        }
      ],
      "products": [
        {
          "name": null,
          "components": [
            {
              "uuid": "Compendium.dnd5e.items.rTn4p9nJr4Aq2GPB",
              "quantity": 1,
              "name": "Potion of Invisibility"
            }
          ]
        }
      ],
      "img": "icons/consumables/potions/bottle-bulb-empty-glass.webp",
      "ownership": {
        "fnbYkpHtl1fog06u": "2",
        "TKTuPaWmviyTg5nq": "2",
        "ffm0hg4Ag7AxYV9M": "2",
        "mT0BpCNV1QD6le32": "2",
        "yPjxt8T9laEdUk5W": "2",
        "qvjyllfbPM1W0Emi": "0"
      }
    },
    {
      "name": "Potion of Lightning Resistance",
      "time": null,
      "macroName": "AlchemyCheck",
      "ingredientsInspection": "0",
      "productInspection": "0",
      "description": "",
      "tools": "",
      "ingredients": [
        {
          "name": null,
          "components": [
            {
              "uuid": "Compendium.crafting-gathering.Crafting Ingredients.a109OLYUQszBtSPu",
              "quantity": 1,
              "name": "Storm Lily"
            }
          ]
        },
        {
          "name": null,
          "components": [
            {
              "uuid": "Compendium.crafting-gathering.Crafting Results.cSMnZheuGDnexpDX",
              "quantity": 1,
              "name": "Vial"
            }
          ]
        }
      ],
      "products": [
        {
          "name": null,
          "components": [
            {
              "uuid": "Compendium.dnd5e.items.8MPnSrvEeZhPhtTi",
              "quantity": 1,
              "name": "Potion of Lightning Resistance"
            }
          ]
        }
      ],
      "img": "icons/consumables/potions/bottle-round-corked-yellow.webp",
      "ownership": {
        "fnbYkpHtl1fog06u": "0",
        "TKTuPaWmviyTg5nq": "0",
        "ffm0hg4Ag7AxYV9M": "0",
        "mT0BpCNV1QD6le32": "0",
        "yPjxt8T9laEdUk5W": "0",
        "qvjyllfbPM1W0Emi": "0"
      }
    },
    {
      "name": "Potion of Mind Reading",
      "time": null,
      "macroName": "AlchemyCheck",
      "ingredientsInspection": "0",
      "productInspection": "0",
      "description": "",
      "tools": "",
      "ingredients": [
        {
          "name": null,
          "components": [
            {
              "uuid": "Compendium.crafting-gathering.Crafting Ingredients.PMT8KeXlK25iDHG8",
              "quantity": 1,
              "name": "Storm Veil"
            }
          ]
        },
        {
          "name": null,
          "components": [
            {
              "uuid": "Compendium.crafting-gathering.Crafting Results.cSMnZheuGDnexpDX",
              "quantity": 1,
              "name": "Vial"
            }
          ]
        }
      ],
      "products": [
        {
          "name": null,
          "components": [
            {
              "uuid": "Compendium.dnd5e.items.Ct9LR9Ft1FG4a6Y1",
              "quantity": 1,
              "name": "Potion of Mind Reading"
            }
          ]
        }
      ],
      "img": "icons/consumables/potions/bottle-bulb-corked-purple.webp",
      "ownership": {
        "fnbYkpHtl1fog06u": "2",
        "TKTuPaWmviyTg5nq": "2",
        "ffm0hg4Ag7AxYV9M": "2",
        "mT0BpCNV1QD6le32": "2",
        "yPjxt8T9laEdUk5W": "2",
        "qvjyllfbPM1W0Emi": "0"
      }
    },
    {
      "name": "Potion of Necrotic Resistance",
      "time": null,
      "macroName": "AlchemyCheck",
      "ingredientsInspection": "0",
      "productInspection": "0",
      "description": "",
      "tools": "",
      "ingredients": [
        {
          "name": null,
          "components": [
            {
              "uuid": "Compendium.crafting-gathering.Crafting Ingredients.eoeySIJnSsgjybbJ",
              "quantity": 1,
              "name": "Twilight Lily"
            }
          ]
        },
        {
          "name": null,
          "components": [
            {
              "uuid": "Compendium.crafting-gathering.Crafting Results.cSMnZheuGDnexpDX",
              "quantity": 1,
              "name": "Vial"
            }
          ]
        }
      ],
      "products": [
        {
          "name": null,
          "components": [
            {
              "uuid": "Compendium.dnd5e.items.xw99pcqPBVwtMOLw",
              "quantity": 1,
              "name": "Potion of Necrotic Resistance"
            }
          ]
        }
      ],
      "img": "icons/consumables/potions/bottle-round-corked-pink.webp",
      "ownership": {
        "fnbYkpHtl1fog06u": "0",
        "TKTuPaWmviyTg5nq": "0",
        "ffm0hg4Ag7AxYV9M": "0",
        "mT0BpCNV1QD6le32": "0",
        "yPjxt8T9laEdUk5W": "0",
        "qvjyllfbPM1W0Emi": "0"
      }
    },
    {
      "name": "Potion of Poison Resistance",
      "time": null,
      "macroName": "AlchemyCheck",
      "ingredientsInspection": "0",
      "productInspection": "0",
      "description": "",
      "tools": "",
      "ingredients": [
        {
          "name": null,
          "components": [
            {
              "uuid": "Compendium.crafting-gathering.Crafting Ingredients.qLgcuAPik2krFpJ2",
              "quantity": 1,
              "name": "Silkthorn"
            }
          ]
        },
        {
          "name": null,
          "components": [
            {
              "uuid": "Compendium.crafting-gathering.Crafting Results.cSMnZheuGDnexpDX",
              "quantity": 1,
              "name": "Vial"
            }
          ]
        }
      ],
      "products": [
        {
          "name": null,
          "components": [
            {
              "uuid": "Compendium.dnd5e.items.f5chGcpQCi1HYPQw",
              "quantity": 1,
              "name": "Potion of Poison Resistance"
            }
          ]
        }
      ],
      "img": "icons/consumables/potions/bottle-bulb-corked-green.webp",
      "ownership": {
        "fnbYkpHtl1fog06u": "0",
        "TKTuPaWmviyTg5nq": "0",
        "ffm0hg4Ag7AxYV9M": "0",
        "mT0BpCNV1QD6le32": "0",
        "yPjxt8T9laEdUk5W": "0",
        "qvjyllfbPM1W0Emi": "0"
      }
    },
    {
      "name": "Potion of Psychic Resistance",
      "time": null,
      "macroName": "AlchemyCheck",
      "ingredientsInspection": "0",
      "productInspection": "0",
      "description": "",
      "tools": "",
      "ingredients": [
        {
          "name": null,
          "components": [
            {
              "uuid": "Compendium.crafting-gathering.Crafting Ingredients.mfXwz8eonIH5K7iS",
              "quantity": 1,
              "name": "Fool's Tongue"
            }
          ]
        },
        {
          "name": null,
          "components": [
            {
              "uuid": "Compendium.crafting-gathering.Crafting Results.cSMnZheuGDnexpDX",
              "quantity": 1,
              "name": "Vial"
            }
          ]
        }
      ],
      "products": [
        {
          "name": null,
          "components": [
            {
              "uuid": "Compendium.dnd5e.items.c0luemOP0iW8L23R",
              "quantity": 1,
              "name": "Potion of Psychic Resistance"
            }
          ]
        }
      ],
      "img": "icons/consumables/potions/bottle-round-corked-pink.webp",
      "ownership": {
        "fnbYkpHtl1fog06u": "0",
        "TKTuPaWmviyTg5nq": "0",
        "ffm0hg4Ag7AxYV9M": "0",
        "mT0BpCNV1QD6le32": "0",
        "yPjxt8T9laEdUk5W": "0",
        "qvjyllfbPM1W0Emi": "0"
      }
    },
    {
      "name": "Potion of Radiant Resistance",
      "time": null,
      "macroName": "AlchemyCheck",
      "ingredientsInspection": "0",
      "productInspection": "0",
      "description": "",
      "tools": "",
      "ingredients": [
        {
          "name": null,
          "components": [
            {
              "uuid": "Compendium.crafting-gathering.Crafting Ingredients.zqqb2orEQ68k1WK1",
              "quantity": 1,
              "name": "Iceclover"
            }
          ]
        },
        {
          "name": null,
          "components": [
            {
              "uuid": "Compendium.crafting-gathering.Crafting Results.cSMnZheuGDnexpDX",
              "quantity": 1,
              "name": "Vial"
            }
          ]
        }
      ],
      "products": [
        {
          "name": null,
          "components": [
            {
              "uuid": "Compendium.dnd5e.items.LBQWNqX6hZOKhQ8a",
              "quantity": 1,
              "name": "Potion of Radiant Resistance"
            }
          ]
        }
      ],
      "img": "icons/consumables/potions/bottle-round-corked-yellow.webp",
      "ownership": {
        "fnbYkpHtl1fog06u": "0",
        "TKTuPaWmviyTg5nq": "0",
        "ffm0hg4Ag7AxYV9M": "0",
        "mT0BpCNV1QD6le32": "0",
        "yPjxt8T9laEdUk5W": "0",
        "qvjyllfbPM1W0Emi": "0"
      }
    },
    {
      "name": "Potion of Speed",
      "time": null,
      "macroName": "AlchemyCheck",
      "ingredientsInspection": "0",
      "productInspection": "0",
      "description": "",
      "tools": "",
      "ingredients": [
        {
          "name": null,
          "components": [
            {
              "uuid": "Compendium.crafting-gathering.Crafting Ingredients.eEKdrYsbL0fr8SWJ",
              "quantity": 1,
              "name": "Dreamthistle"
            }
          ]
        },
        {
          "name": null,
          "components": [
            {
              "uuid": "Compendium.crafting-gathering.Crafting Results.cSMnZheuGDnexpDX",
              "quantity": 1,
              "name": "Vial"
            }
          ]
        }
      ],
      "products": [
        {
          "name": null,
          "components": [
            {
              "uuid": "Compendium.dnd5e.items.ctKfjHjk9gs9UtZI",
              "quantity": 1,
              "name": "Potion of Speed"
            }
          ]
        }
      ],
      "img": "icons/consumables/potions/potion-bottle-corked-fancy-orange.webp",
      "ownership": {
        "fnbYkpHtl1fog06u": "2",
        "TKTuPaWmviyTg5nq": "2",
        "ffm0hg4Ag7AxYV9M": "2",
        "mT0BpCNV1QD6le32": "2",
        "yPjxt8T9laEdUk5W": "2",
        "qvjyllfbPM1W0Emi": "0"
      }
    },
    {
      "name": "Potion of Stone Giant Strength",
      "time": null,
      "macroName": "AlchemyCheck",
      "ingredientsInspection": "0",
      "productInspection": "0",
      "description": "",
      "tools": "",
      "ingredients": [
        {
          "name": null,
          "components": [
            {
              "uuid": "Compendium.crafting-gathering.Crafting Ingredients.q9LjOAccmlJzaGWM",
              "quantity": 1,
              "name": "Stone Giant Blood"
            }
          ]
        },
        {
          "name": null,
          "components": [
            {
              "uuid": "Compendium.crafting-gathering.Crafting Results.cSMnZheuGDnexpDX",
              "quantity": 1,
              "name": "Vial"
            }
          ]
        }
      ],
      "products": [
        {
          "name": null,
          "components": [
            {
              "uuid": "Compendium.dnd5e.items.4ZiJsDTRA1GgcWKP",
              "quantity": 1,
              "name": "Potion of Stone Giant Strength"
            }
          ]
        }
      ],
      "img": "icons/consumables/potions/bottle-bulb-corked-green.webp",
      "ownership": {
        "fnbYkpHtl1fog06u": "2",
        "TKTuPaWmviyTg5nq": "2",
        "ffm0hg4Ag7AxYV9M": "2",
        "mT0BpCNV1QD6le32": "2",
        "yPjxt8T9laEdUk5W": "2",
        "qvjyllfbPM1W0Emi": "0"
      }
    },
    {
      "name": "Potion of Storm Giant Strength",
      "time": null,
      "macroName": "AlchemyCheck",
      "ingredientsInspection": "0",
      "productInspection": "0",
      "description": "",
      "tools": "",
      "ingredients": [
        {
          "name": null,
          "components": [
            {
              "uuid": "Compendium.crafting-gathering.Crafting Ingredients.7dHvQCYcnp3N5gY2",
              "quantity": 1,
              "name": "Storm Giant Blood"
            }
          ]
        },
        {
          "name": null,
          "components": [
            {
              "uuid": "Compendium.crafting-gathering.Crafting Results.cSMnZheuGDnexpDX",
              "quantity": 1,
              "name": "Vial"
            }
          ]
        }
      ],
      "products": [
        {
          "name": null,
          "components": [
            {
              "uuid": "Compendium.dnd5e.items.1KMSpOSU0EliUBm2",
              "quantity": 1,
              "name": "Potion of Storm Giant Strength"
            }
          ]
        }
      ],
      "img": "icons/consumables/potions/bottle-bulb-corked-labeled-blue.webp",
      "ownership": {
        "fnbYkpHtl1fog06u": "2",
        "TKTuPaWmviyTg5nq": "2",
        "ffm0hg4Ag7AxYV9M": "2",
        "mT0BpCNV1QD6le32": "2",
        "yPjxt8T9laEdUk5W": "2",
        "qvjyllfbPM1W0Emi": "0"
      }
    },
    {
      "name": "Potion of Thunder Resistance",
      "time": null,
      "macroName": "AlchemyCheck",
      "ingredientsInspection": "0",
      "productInspection": "0",
      "description": "",
      "tools": "",
      "ingredients": [
        {
          "name": null,
          "components": [
            {
              "uuid": "Compendium.crafting-gathering.Crafting Ingredients.JY1BtgD294anKDWq",
              "quantity": 1,
              "name": "Moonflower"
            }
          ]
        },
        {
          "name": null,
          "components": [
            {
              "uuid": "Compendium.crafting-gathering.Crafting Results.cSMnZheuGDnexpDX",
              "quantity": 1,
              "name": "Vial"
            }
          ]
        }
      ],
      "products": [
        {
          "name": null,
          "components": [
            {
              "uuid": "Compendium.dnd5e.items.zBX8LLC2CjC89Dzl",
              "quantity": 1,
              "name": "Potion of Thunder Resistance"
            }
          ]
        }
      ],
      "img": "icons/consumables/potions/bottle-round-corked-yellow.webp",
      "ownership": {
        "fnbYkpHtl1fog06u": "0",
        "TKTuPaWmviyTg5nq": "0",
        "ffm0hg4Ag7AxYV9M": "0",
        "mT0BpCNV1QD6le32": "0",
        "yPjxt8T9laEdUk5W": "0",
        "qvjyllfbPM1W0Emi": "0"
      }
    },
    {
      "name": "Potion of Water Breathing",
      "time": null,
      "macroName": "AlchemyCheck",
      "ingredientsInspection": "0",
      "productInspection": "0",
      "description": "",
      "tools": "",
      "ingredients": [
        {
          "name": null,
          "components": [
            {
              "uuid": "Compendium.crafting-gathering.Crafting Ingredients.FmQU2rHFqO3DRVBf",
              "quantity": 1,
              "name": "Rain Cap"
            }
          ]
        },
        {
          "name": null,
          "components": [
            {
              "uuid": "Compendium.crafting-gathering.Crafting Results.cSMnZheuGDnexpDX",
              "quantity": 1,
              "name": "Vial"
            }
          ]
        }
      ],
      "products": [
        {
          "name": null,
          "components": [
            {
              "uuid": "Compendium.dnd5e.items.CAZMwFBWp9VC0ZCg",
              "quantity": 1,
              "name": "Potion of Water Breathing"
            }
          ]
        }
      ],
      "img": "icons/consumables/potions/potion-bottle-corked-labeled-green.webp",
      "ownership": {
        "fnbYkpHtl1fog06u": "0",
        "TKTuPaWmviyTg5nq": "0",
        "ffm0hg4Ag7AxYV9M": "0",
        "mT0BpCNV1QD6le32": "0",
        "yPjxt8T9laEdUk5W": "0",
        "qvjyllfbPM1W0Emi": "0"
      }
    },
    {
      "name": "Restorative Ointment",
      "time": null,
      "macroName": "AlchemyCheck",
      "ingredientsInspection": "0",
      "productInspection": "0",
      "description": "",
      "tools": "",
      "ingredients": [
        {
          "name": null,
          "components": [
            {
              "uuid": "Compendium.crafting-gathering.Crafting Ingredients.f082trn5m4Mc0mgT",
              "quantity": 1,
              "name": "Wild Mountain Sage"
            }
          ]
        },
        {
          "name": null,
          "components": [
            {
              "uuid": "Compendium.crafting-gathering.Crafting Results.cSMnZheuGDnexpDX",
              "quantity": 1,
              "name": "Vial"
            }
          ]
        }
      ],
      "products": [
        {
          "name": null,
          "components": [
            {
              "uuid": "Compendium.dnd5e.items.VmcgAIsRCyrjBguC",
              "quantity": 1,
              "name": "Restorative Ointment"
            }
          ]
        }
      ],
      "img": "icons/commodities/materials/liquid-orange.webp",
      "ownership": {
        "fnbYkpHtl1fog06u": "0",
        "TKTuPaWmviyTg5nq": "0",
        "ffm0hg4Ag7AxYV9M": "0",
        "mT0BpCNV1QD6le32": "0",
        "yPjxt8T9laEdUk5W": "0",
        "qvjyllfbPM1W0Emi": "0"
      }
    },
    {
      "name": "Sovereign Glue",
      "time": null,
      "macroName": "AlchemyCheck",
      "ingredientsInspection": "0",
      "productInspection": "0",
      "description": "",
      "tools": "",
      "ingredients": [
        {
          "name": null,
          "components": [
            {
              "uuid": "Compendium.crafting-gathering.Crafting Ingredients.FF7coi0dO0ZFTpom",
              "quantity": 1,
              "name": "Steelthorn Sap"
            }
          ]
        },
        {
          "name": null,
          "components": [
            {
              "uuid": "Compendium.crafting-gathering.Crafting Results.cSMnZheuGDnexpDX",
              "quantity": 1,
              "name": "Vial"
            }
          ]
        }
      ],
      "products": [
        {
          "name": null,
          "components": [
            {
              "uuid": "Compendium.dnd5e.items.zJ5LhDvTxYKzPIx4",
              "quantity": 1,
              "name": "Sovereign Glue"
            }
          ]
        }
      ],
      "img": "icons/consumables/drinks/tea-jug-gourd-brown.webp",
      "ownership": {
        "fnbYkpHtl1fog06u": "2",
        "TKTuPaWmviyTg5nq": "2",
        "ffm0hg4Ag7AxYV9M": "2",
        "mT0BpCNV1QD6le32": "2",
        "yPjxt8T9laEdUk5W": "2",
        "qvjyllfbPM1W0Emi": "0"
      }
    },
    {
      "name": "Universal Solvent",
      "time": null,
      "macroName": "AlchemyCheck",
      "ingredientsInspection": "0",
      "productInspection": "0",
      "description": "",
      "tools": "",
      "ingredients": [
        {
          "name": null,
          "components": [
            {
              "uuid": "Compendium.crafting-gathering.Crafting Ingredients.lAH2XHY0rsCCICUO",
              "quantity": 1,
              "name": "Steelthorn Blooms"
            }
          ]
        },
        {
          "name": null,
          "components": [
            {
              "uuid": "Compendium.crafting-gathering.Crafting Results.cSMnZheuGDnexpDX",
              "quantity": 1,
              "name": "Vial"
            }
          ]
        }
      ],
      "products": [
        {
          "name": null,
          "components": [
            {
              "uuid": "Compendium.dnd5e.items.MAwoj2suj6cvb9Ti",
              "quantity": 1,
              "name": "Universal Solvent"
            }
          ]
        }
      ],
      "img": "icons/commodities/materials/liquid-purple.webp",
      "ownership": {
        "fnbYkpHtl1fog06u": "2",
        "TKTuPaWmviyTg5nq": "2",
        "ffm0hg4Ag7AxYV9M": "2",
        "mT0BpCNV1QD6le32": "2",
        "yPjxt8T9laEdUk5W": "2",
        "qvjyllfbPM1W0Emi": "0"
      }
    },
    {
      "name": "Candle",
      "time": null,
      "macroName": "AlchemyCheck",
      "ingredientsInspection": "0",
      "productInspection": "0",
      "description": "",
      "tools": "",
      "ingredients": [
        {
          "name": null,
          "components": [
            {
              "uuid": "Compendium.crafting-gathering.Crafting Ingredients.sABTjxzkI9Evkejt",
              "quantity": 1,
              "name": "Oil"
            }
          ]
        }
      ],
      "products": [
        {
          "name": null,
          "components": [
            {
              "uuid": "Compendium.dnd5e.items.0NoBBP3MMkvJlwZY",
              "quantity": "10",
              "name": "Candle"
            }
          ]
        }
      ],
      "img": "icons/sundries/lights/candle-unlit-white.webp",
      "ownership": {
        "fnbYkpHtl1fog06u": "0",
        "TKTuPaWmviyTg5nq": "0",
        "ffm0hg4Ag7AxYV9M": "0",
        "mT0BpCNV1QD6le32": "0",
        "yPjxt8T9laEdUk5W": "0",
        "qvjyllfbPM1W0Emi": "0"
      }
    },
    {
      "name": "Oil Flask",
      "time": null,
      "macroName": "AlchemyCheck",
      "ingredientsInspection": "0",
      "productInspection": "0",
      "description": "",
      "tools": "",
      "ingredients": [
        {
          "name": null,
          "components": [
            {
              "uuid": "Compendium.crafting-gathering.Crafting Ingredients.sABTjxzkI9Evkejt",
              "quantity": 1,
              "name": "Oil"
            }
          ]
        },
        {
          "name": null,
          "components": [
            {
              "uuid": "Compendium.crafting-gathering.Crafting Results.sAoLD7LVpAbggx6h",
              "quantity": 1,
              "name": "Flask"
            }
          ]
        }
      ],
      "products": [
        {
          "name": null,
          "components": [
            {
              "uuid": "Compendium.dnd5e.items.psoZaItkOScMVaHL",
              "quantity": 1,
              "name": "Oil Flask"
            }
          ]
        }
      ],
      "img": "icons/consumables/potions/bottle-bulb-empty-glass.webp",
      "ownership": {
        "fnbYkpHtl1fog06u": "0",
        "TKTuPaWmviyTg5nq": "0",
        "ffm0hg4Ag7AxYV9M": "0",
        "mT0BpCNV1QD6le32": "0",
        "yPjxt8T9laEdUk5W": "0",
        "qvjyllfbPM1W0Emi": "0"
      }
    },
    {
      "name": "Perfume",
      "time": null,
      "macroName": "AlchemyCheck",
      "ingredientsInspection": "0",
      "productInspection": "0",
      "description": "",
      "tools": "",
      "ingredients": [
        {
          "name": null,
          "components": [
            {
              "uuid": "Compendium.crafting-gathering.Crafting Ingredients.Fnu8zVAQTgJB9gt8",
              "quantity": 1,
              "name": "Chelimber Buds"
            }
          ]
        },
        {
          "name": null,
          "components": [
            {
              "uuid": "Compendium.dnd5e.items.HZp69hhyNZUUCipF",
              "quantity": 1,
              "name": "Glass Bottle"
            }
          ]
        }
      ],
      "products": [
        {
          "name": null,
          "components": [
            {
              "uuid": "Compendium.dnd5e.items.uuh4UH3Jx5CsFjdA",
              "quantity": 1,
              "name": "Perfume"
            }
          ]
        }
      ],
      "img": "icons/consumables/potions/bottle-bulb-corked-purple.webp",
      "ownership": {
        "fnbYkpHtl1fog06u": "0",
        "TKTuPaWmviyTg5nq": "0",
        "ffm0hg4Ag7AxYV9M": "0",
        "mT0BpCNV1QD6le32": "0",
        "yPjxt8T9laEdUk5W": "0",
        "qvjyllfbPM1W0Emi": "0"
      }
    },
    {
      "name": "Sealing Wax",
      "time": null,
      "macroName": "AlchemyCheck",
      "ingredientsInspection": "0",
      "productInspection": "0",
      "description": "",
      "tools": "",
      "ingredients": [
        {
          "name": null,
          "components": [
            {
              "uuid": "Compendium.crafting-gathering.Crafting Ingredients.sABTjxzkI9Evkejt",
              "quantity": "5",
              "name": "Oil"
            }
          ]
        }
      ],
      "products": [
        {
          "name": null,
          "components": [
            {
              "uuid": "Compendium.dnd5e.items.3uEyuCfnAzGkwAn5",
              "quantity": 1,
              "name": "Sealing Wax"
            }
          ]
        }
      ],
      "img": "icons/sundries/lights/candle-unlit-red.webp",
      "ownership": {
        "fnbYkpHtl1fog06u": "0",
        "TKTuPaWmviyTg5nq": "0",
        "ffm0hg4Ag7AxYV9M": "0",
        "mT0BpCNV1QD6le32": "0",
        "yPjxt8T9laEdUk5W": "0",
        "qvjyllfbPM1W0Emi": "0"
      }
    },
    {
      "name": "Soap",
      "time": null,
      "macroName": "AlchemyCheck",
      "ingredientsInspection": "0",
      "productInspection": "0",
      "description": "",
      "tools": "",
      "ingredients": [
        {
          "name": null,
          "components": [
            {
              "uuid": "Compendium.crafting-gathering.Crafting Ingredients.sABTjxzkI9Evkejt",
              "quantity": "1",
              "name": "Oil"
            }
          ]
        }
      ],
      "products": [
        {
          "name": null,
          "components": [
            {
              "uuid": "Compendium.dnd5e.items.REBWkTKe6lJaIkpn",
              "quantity": "5",
              "name": "Soap"
            }
          ]
        }
      ],
      "img": "icons/sundries/survival/soap.webp",
      "ownership": {
        "fnbYkpHtl1fog06u": "0",
        "TKTuPaWmviyTg5nq": "0",
        "ffm0hg4Ag7AxYV9M": "0",
        "mT0BpCNV1QD6le32": "0",
        "yPjxt8T9laEdUk5W": "0",
        "qvjyllfbPM1W0Emi": "0"
      }
    }
  ],
  "img": "icons/sundries/books/book-worn-brown-grey.webp",
  "documentName": "RecipeBook"
}