{
  "name": "Tinker",
  "description": "",
  "ownership": {
    "fnbYkpHtl1fog06u": "2",
    "TKTuPaWmviyTg5nq": "2",
    "ffm0hg4Ag7AxYV9M": "2",
    "mT0BpCNV1QD6le32": "2",
    "yPjxt8T9laEdUk5W": "2",
    "qvjyllfbPM1W0Emi": "1"
  },
  "tools": "Tinker's Tools",
  "ingredientsInspection": "1",
  "productInspection": "1",
  "recipes": [
    {
      "name": "Sling Bullets",
      "time": null,
      "macroName": "TinkerCheck",
      "ingredientsInspection": "0",
      "productInspection": "0",
      "description": "",
      "tools": "",
      "ingredients": [
        {
          "name": null,
          "components": [
            {
              "uuid": "Compendium.crafting-gathering.Crafting Ingredients.0cF1tITziKDlMRwl",
              "quantity": 1,
              "name": "Rock"
            }
          ]
        }
      ],
      "products": [
        {
          "name": null,
          "components": [
            {
              "uuid": "Compendium.dnd5e.items.z9SbsMIBZzuhZOqT",
              "quantity": "20",
              "name": "Sling Bullet"
            }
          ]
        }
      ],
      "img": "icons/skills/ranged/bullets-triple-ball-yellow.webp",
      "ownership": {
        "fnbYkpHtl1fog06u": "0",
        "TKTuPaWmviyTg5nq": "0",
        "ffm0hg4Ag7AxYV9M": "0",
        "mT0BpCNV1QD6le32": "0",
        "yPjxt8T9laEdUk5W": "0",
        "qvjyllfbPM1W0Emi": "0"
      }
    },
    {
      "name": "Abacus",
      "time": null,
      "macroName": "TinkerCheck",
      "ingredientsInspection": "0",
      "productInspection": "0",
      "description": "",
      "tools": "",
      "ingredients": [
        {
          "name": null,
          "components": [
            {
              "uuid": "Compendium.crafting-gathering.Crafting Results.BJrLFCpDgdJ9kfkD",
              "quantity": "2",
              "name": "Steel Bullion"
            }
          ]
        }
      ],
      "products": [
        {
          "name": null,
          "components": [
            {
              "uuid": "Compendium.dnd5e.items.ea4xclqsksEQB1QF",
              "quantity": 1,
              "name": "Abacus"
            }
          ]
        }
      ],
      "img": "icons/commodities/treasure/broach-jewel-gold-blue.webp",
      "ownership": {
        "fnbYkpHtl1fog06u": "0",
        "TKTuPaWmviyTg5nq": "0",
        "ffm0hg4Ag7AxYV9M": "0",
        "mT0BpCNV1QD6le32": "0",
        "yPjxt8T9laEdUk5W": "0",
        "qvjyllfbPM1W0Emi": "0"
      }
    },
    {
      "name": "Ball Bearings",
      "time": null,
      "macroName": "TinkerCheck",
      "ingredientsInspection": "0",
      "productInspection": "0",
      "description": "",
      "tools": "",
      "ingredients": [
        {
          "name": null,
          "components": [
            {
              "uuid": "Compendium.crafting-gathering.Crafting Results.BJrLFCpDgdJ9kfkD",
              "quantity": "1",
              "name": "Steel Bullion"
            }
          ]
        }
      ],
      "products": [
        {
          "name": null,
          "components": [
            {
              "uuid": "Compendium.dnd5e.items.3YSUIp4eFo26YxJr",
              "quantity": 1,
              "name": "Ball Bearings"
            }
          ]
        }
      ],
      "img": "icons/commodities/gems/pearl-rock.webp",
      "ownership": {
        "fnbYkpHtl1fog06u": "0",
        "TKTuPaWmviyTg5nq": "0",
        "ffm0hg4Ag7AxYV9M": "0",
        "mT0BpCNV1QD6le32": "0",
        "yPjxt8T9laEdUk5W": "0",
        "qvjyllfbPM1W0Emi": "0"
      }
    },
    {
      "name": "Fishing Tackle",
      "time": null,
      "macroName": "TinkerCheck",
      "ingredientsInspection": "0",
      "productInspection": "0",
      "description": "",
      "tools": "",
      "ingredients": [
        {
          "name": null,
          "components": [
            {
              "uuid": "Compendium.crafting-gathering.Crafting Ingredients.wMCAS3eDDOCsHuWK",
              "quantity": 1,
              "name": "Course Hemp Thread"
            }
          ]
        }
      ],
      "products": [
        {
          "name": null,
          "components": [
            {
              "uuid": "Compendium.dnd5e.items.hOzuSDqmOIOx8z3Z",
              "quantity": 1,
              "name": "Fishing Tackle"
            }
          ]
        }
      ],
      "img": "icons/tools/fishing/hook-curved-barbed-steel-white.webp",
      "ownership": {
        "fnbYkpHtl1fog06u": "0",
        "TKTuPaWmviyTg5nq": "0",
        "ffm0hg4Ag7AxYV9M": "0",
        "mT0BpCNV1QD6le32": "0",
        "yPjxt8T9laEdUk5W": "0",
        "qvjyllfbPM1W0Emi": "0"
      }
    },
    {
      "name": "Lamp",
      "time": null,
      "macroName": "TinkerCheck",
      "ingredientsInspection": "0",
      "productInspection": "0",
      "description": "",
      "tools": "",
      "ingredients": [
        {
          "name": null,
          "components": [
            {
              "uuid": "Compendium.crafting-gathering.Crafting Results.BJrLFCpDgdJ9kfkD",
              "quantity": "5",
              "name": "Steel Bullion"
            }
          ]
        }
      ],
      "products": [
        {
          "name": null,
          "components": [
            {
              "uuid": "Compendium.dnd5e.items.qMzHmlmha8qMDnEF",
              "quantity": 1,
              "name": "Lamp"
            }
          ]
        }
      ],
      "img": "icons/commodities/treasure/lantern-stone-grey.webp",
      "ownership": {
        "fnbYkpHtl1fog06u": "0",
        "TKTuPaWmviyTg5nq": "0",
        "ffm0hg4Ag7AxYV9M": "0",
        "mT0BpCNV1QD6le32": "0",
        "yPjxt8T9laEdUk5W": "0",
        "qvjyllfbPM1W0Emi": "0"
      }
    },
    {
      "name": "Bullseye Lantern",
      "time": null,
      "macroName": "TinkerCheck",
      "ingredientsInspection": "0",
      "productInspection": "0",
      "description": "",
      "tools": "",
      "ingredients": [
        {
          "name": null,
          "components": [
            {
              "uuid": "Compendium.crafting-gathering.Crafting Results.193t4EskuwTj7jWb",
              "quantity": 1,
              "name": "Steel Bar"
            }
          ]
        }
      ],
      "products": [
        {
          "name": null,
          "components": [
            {
              "uuid": "Compendium.dnd5e.items.UkWdyJYQTfVX2cJW",
              "quantity": 1,
              "name": "Bullseye Lantern"
            }
          ]
        }
      ],
      "img": "icons/sundries/lights/lantern-iron-yellow.webp",
      "ownership": {
        "fnbYkpHtl1fog06u": "0",
        "TKTuPaWmviyTg5nq": "0",
        "ffm0hg4Ag7AxYV9M": "0",
        "mT0BpCNV1QD6le32": "0",
        "yPjxt8T9laEdUk5W": "0",
        "qvjyllfbPM1W0Emi": "0"
      }
    },
    {
      "name": "Hooded Lantern",
      "time": null,
      "macroName": "TinkerCheck",
      "ingredientsInspection": "0",
      "productInspection": "0",
      "description": "",
      "tools": "",
      "ingredients": [
        {
          "name": null,
          "components": [
            {
              "uuid": "Compendium.crafting-gathering.Crafting Results.BJrLFCpDgdJ9kfkD",
              "quantity": "5",
              "name": "Steel Bullion"
            }
          ]
        }
      ],
      "products": [
        {
          "name": null,
          "components": [
            {
              "uuid": "Compendium.dnd5e.items.trmWAdUoR6Y2B7rA",
              "quantity": 1,
              "name": "Hooded Lantern"
            }
          ]
        }
      ],
      "img": "icons/sundries/lights/lantern-iron-yellow.webp",
      "ownership": {
        "fnbYkpHtl1fog06u": "0",
        "TKTuPaWmviyTg5nq": "0",
        "ffm0hg4Ag7AxYV9M": "0",
        "mT0BpCNV1QD6le32": "0",
        "yPjxt8T9laEdUk5W": "0",
        "qvjyllfbPM1W0Emi": "0"
      }
    },
    {
      "name": "Lock",
      "time": null,
      "macroName": "TinkerCheck",
      "ingredientsInspection": "0",
      "productInspection": "0",
      "description": "",
      "tools": "",
      "ingredients": [
        {
          "name": null,
          "components": [
            {
              "uuid": "Compendium.crafting-gathering.Crafting Results.193t4EskuwTj7jWb",
              "quantity": 1,
              "name": "Steel Bar"
            }
          ]
        }
      ],
      "products": [
        {
          "name": null,
          "components": [
            {
              "uuid": "Compendium.dnd5e.items.xwUWrV15s9jLnmfZ",
              "quantity": 1,
              "name": "Lock"
            }
          ]
        }
      ],
      "img": "icons/sundries/misc/lock-bronze-reinforced.webp",
      "ownership": {
        "fnbYkpHtl1fog06u": "0",
        "TKTuPaWmviyTg5nq": "0",
        "ffm0hg4Ag7AxYV9M": "0",
        "mT0BpCNV1QD6le32": "0",
        "yPjxt8T9laEdUk5W": "0",
        "qvjyllfbPM1W0Emi": "0"
      }
    },
    {
      "name": "Portable Ram",
      "time": null,
      "macroName": "TinkerCheck",
      "ingredientsInspection": "0",
      "productInspection": "0",
      "description": "",
      "tools": "",
      "ingredients": [
        {
          "name": null,
          "components": [
            {
              "uuid": "Compendium.crafting-gathering.Crafting Ingredients.SlrKwrzCfrarDRah",
              "quantity": "4",
              "name": "Hickory"
            }
          ]
        }
      ],
      "products": [
        {
          "name": null,
          "components": [
            {
              "uuid": "Compendium.dnd5e.items.srTRzwTfWKO5opOo",
              "quantity": 1,
              "name": "Portable Ram"
            }
          ]
        }
      ],
      "img": "icons/commodities/wood/bamboo-brown.webp",
      "ownership": {
        "fnbYkpHtl1fog06u": "0",
        "TKTuPaWmviyTg5nq": "0",
        "ffm0hg4Ag7AxYV9M": "0",
        "mT0BpCNV1QD6le32": "0",
        "yPjxt8T9laEdUk5W": "0",
        "qvjyllfbPM1W0Emi": "0"
      }
    },
    {
      "name": "Merchant's Scale",
      "time": null,
      "macroName": "TinkerCheck",
      "ingredientsInspection": "0",
      "productInspection": "0",
      "description": "",
      "tools": "",
      "ingredients": [
        {
          "name": null,
          "components": [
            {
              "uuid": "Compendium.crafting-gathering.Crafting Results.BJrLFCpDgdJ9kfkD",
              "quantity": "5",
              "name": "Steel Bullion"
            }
          ]
        }
      ],
      "products": [
        {
          "name": null,
          "components": [
            {
              "uuid": "Compendium.dnd5e.items.vJvb6fx3JVPmhG8x",
              "quantity": 1,
              "name": "Merchant's Scale"
            }
          ]
        }
      ],
      "img": "icons/commodities/currency/coins-assorted-mix-silver.webp",
      "ownership": {
        "fnbYkpHtl1fog06u": "0",
        "TKTuPaWmviyTg5nq": "0",
        "ffm0hg4Ag7AxYV9M": "0",
        "mT0BpCNV1QD6le32": "0",
        "yPjxt8T9laEdUk5W": "0",
        "qvjyllfbPM1W0Emi": "0"
      }
    },
    {
      "name": "Signal Whistle",
      "time": null,
      "macroName": "TinkerCheck",
      "ingredientsInspection": "0",
      "productInspection": "0",
      "description": "",
      "tools": "",
      "ingredients": [
        {
          "name": null,
          "components": [
            {
              "uuid": "Compendium.crafting-gathering.Crafting Results.BJrLFCpDgdJ9kfkD",
              "quantity": "5",
              "name": "Steel Bullion"
            }
          ]
        }
      ],
      "products": [
        {
          "name": null,
          "components": [
            {
              "uuid": "Compendium.dnd5e.items.z67d1DZzqDPmgEwP",
              "quantity": 1,
              "name": "Signal Whistle"
            }
          ]
        }
      ],
      "img": "icons/commodities/treasure/statue-carved-figurehead.webp",
      "ownership": {
        "fnbYkpHtl1fog06u": "0",
        "TKTuPaWmviyTg5nq": "0",
        "ffm0hg4Ag7AxYV9M": "0",
        "mT0BpCNV1QD6le32": "0",
        "yPjxt8T9laEdUk5W": "0",
        "qvjyllfbPM1W0Emi": "0"
      }
    },
    {
      "name": "Climber's Kit",
      "time": null,
      "macroName": "TinkerCheck",
      "ingredientsInspection": "0",
      "productInspection": "0",
      "description": "",
      "tools": "",
      "ingredients": [
        {
          "name": null,
          "components": [
            {
              "uuid": "Compendium.crafting-gathering.Crafting Ingredients.JJRgVBP5tqvDuTeI",
              "quantity": "5",
              "name": "#08 Linen Cloth"
            }
          ]
        }
      ],
      "products": [
        {
          "name": null,
          "components": [
            {
              "uuid": "Compendium.dnd5e.items.ugzwHl8vYaPu2GNd",
              "quantity": 1,
              "name": "Climber's Kit"
            }
          ]
        }
      ],
      "img": "icons/weapons/sickles/sickle-hooked-wood.webp",
      "ownership": {
        "fnbYkpHtl1fog06u": "0",
        "TKTuPaWmviyTg5nq": "0",
        "ffm0hg4Ag7AxYV9M": "0",
        "mT0BpCNV1QD6le32": "0",
        "yPjxt8T9laEdUk5W": "0",
        "qvjyllfbPM1W0Emi": "0"
      }
    },
    {
      "name": "Navigator's Tools",
      "time": null,
      "macroName": "TinkerCheck",
      "ingredientsInspection": "0",
      "productInspection": "0",
      "description": "",
      "tools": "",
      "ingredients": [
        {
          "name": null,
          "components": [
            {
              "uuid": "Compendium.crafting-gathering.Crafting Ingredients.JJRgVBP5tqvDuTeI",
              "quantity": "5",
              "name": "#08 Linen Cloth"
            }
          ]
        }
      ],
      "products": [
        {
          "name": null,
          "components": [
            {
              "uuid": "Compendium.dnd5e.items.YHCmjsiXxZ9UdUhU",
              "quantity": 1,
              "name": "Navigator's Tools"
            }
          ]
        }
      ],
      "img": "icons/tools/navigation/sextant-brass-brown.webp",
      "ownership": {
        "fnbYkpHtl1fog06u": "0",
        "TKTuPaWmviyTg5nq": "0",
        "ffm0hg4Ag7AxYV9M": "0",
        "mT0BpCNV1QD6le32": "0",
        "yPjxt8T9laEdUk5W": "0",
        "qvjyllfbPM1W0Emi": "0"
      }
    },
    {
      "name": "Disguise Kit",
      "time": null,
      "macroName": "TinkerCheck",
      "ingredientsInspection": "0",
      "productInspection": "0",
      "description": "",
      "tools": "",
      "ingredients": [
        {
          "name": null,
          "components": [
            {
              "uuid": "Compendium.crafting-gathering.Crafting Ingredients.JJRgVBP5tqvDuTeI",
              "quantity": "5",
              "name": "#08 Linen Cloth"
            }
          ]
        }
      ],
      "products": [
        {
          "name": null,
          "components": [
            {
              "uuid": "Compendium.dnd5e.items.IBhDAr7WkhWPYLVn",
              "quantity": 1,
              "name": "Disguise Kit"
            }
          ]
        }
      ],
      "img": "icons/equipment/back/cloak-hooded-blue.webp",
      "ownership": {
        "fnbYkpHtl1fog06u": "0",
        "TKTuPaWmviyTg5nq": "0",
        "ffm0hg4Ag7AxYV9M": "0",
        "mT0BpCNV1QD6le32": "0",
        "yPjxt8T9laEdUk5W": "0",
        "qvjyllfbPM1W0Emi": "0"
      }
    },
    {
      "name": "Thieves' Tools",
      "time": null,
      "macroName": "TinkerCheck",
      "ingredientsInspection": "0",
      "productInspection": "0",
      "description": "",
      "tools": "",
      "ingredients": [
        {
          "name": null,
          "components": [
            {
              "uuid": "Compendium.crafting-gathering.Crafting Ingredients.JJRgVBP5tqvDuTeI",
              "quantity": "5",
              "name": "#08 Linen Cloth"
            }
          ]
        }
      ],
      "products": [
        {
          "name": null,
          "components": [
            {
              "uuid": "Compendium.dnd5e.items.woWZ1sO5IUVGzo58",
              "quantity": 1,
              "name": "Thieves' Tools"
            }
          ]
        }
      ],
      "img": "icons/tools/hand/lockpicks-steel-grey.webp",
      "ownership": {
        "fnbYkpHtl1fog06u": "0",
        "TKTuPaWmviyTg5nq": "0",
        "ffm0hg4Ag7AxYV9M": "0",
        "mT0BpCNV1QD6le32": "0",
        "yPjxt8T9laEdUk5W": "0",
        "qvjyllfbPM1W0Emi": "0"
      }
    }
  ],
  "img": "icons/sundries/books/book-worn-brown-grey.webp",
  "documentName": "RecipeBook"
}