{
  "name": "Jewel Crafting (XGTE)",
  "description": "",
  "ownership": {
    "fnbYkpHtl1fog06u": "2",
    "TKTuPaWmviyTg5nq": "2",
    "ffm0hg4Ag7AxYV9M": "2",
    "mT0BpCNV1QD6le32": "2",
    "yPjxt8T9laEdUk5W": "2",
    "qvjyllfbPM1W0Emi": "2"
  },
  "tools": "Jeweler's Tools",
  "ingredientsInspection": "1",
  "productInspection": "1",
  "recipes": [
    {
      "name": "War Mage Ruby",
      "time": null,
      "macroName": "JewelCraftingCheck",
      "ingredientsInspection": "0",
      "productInspection": "0",
      "description": "",
      "tools": "",
      "ingredients": [
        {
          "name": null,
          "components": [
            {
              "uuid": "Compendium.crafting-gathering.Crafting Ingredients.elJeik4V6n8Dwwr3",
              "quantity": "50",
              "name": "Copper Ore"
            }
          ]
        },
        {
          "name": null,
          "components": [
            {
              "uuid": "Compendium.crafting-gathering.Crafting Ingredients.elJeik4V6n8Dwwr3",
              "quantity": "50",
              "name": "Copper Ore"
            }
          ]
        }
      ],
      "products": [
        {
          "name": null,
          "components": [
            {
              "uuid": "Compendium.crafting-gathering.Crafting Results XGTE.MQm7ZnzH9pf4e3hm",
              "quantity": 1,
              "name": "War Mage Ruby"
            }
          ]
        }
      ],
      "img": "icons/commodities/gems/gem-cluster-red.webp",
      "ownership": {
        "fnbYkpHtl1fog06u": "0",
        "TKTuPaWmviyTg5nq": "0",
        "ffm0hg4Ag7AxYV9M": "0",
        "mT0BpCNV1QD6le32": "0",
        "yPjxt8T9laEdUk5W": "0",
        "qvjyllfbPM1W0Emi": "0"
      }
    }
  ],
  "img": "icons/sundries/books/book-worn-brown-grey.webp",
  "documentName": "RecipeBook"
}