{
  "id": "crafting-gathering",
  "title": "Crafting and Gathering",
  "description": "Adds Crafting and Gathering to DND 5e",
  "authors": [
    {
      "name": "Nokturnal",
      "flags": {}
    }
  ],
  "version": "0.12",
  "compatibility": {
    "minimum": "10",
    "verified": "10.291"
  },
  "packs": [
    {
      "name": "Crafting Features",
      "label": "Crafting Features",
      "path": "packs/crafting-features.db",
      "type": "Item",
      "private": false,
      "system": "dnd5e",
      "flags": {}
    },
    {
      "name": "Crafting Tools",
      "label": "Crafting Tools",
      "path": "packs/crafting-tools.db",
      "type": "Item",
      "private": false,
      "system": "dnd5e",
      "flags": {}
    },
    {
      "name": "Crafting Training",
      "label": "Crafting Training",
      "path": "packs/crafting-training.db",
      "type": "Item",
      "private": false,
      "system": "dnd5e",
      "flags": {}
    },
    {
      "name": "Crafting Ingredients",
      "label": "Crafting Ingredients",
      "path": "packs/crafting-ingredients.db",
      "type": "Item",
      "private": false,
      "system": "dnd5e",
      "flags": {}
    },
    {
      "name": "Crafting Recipes",
      "label": "Crafting Recipes",
      "path": "packs/crafting-recipes.db",
      "type": "Item",
      "private": false,
      "system": "dnd5e",
      "flags": {}
    },
    {
      "name": "Crafting Results",
      "label": "Crafting Results",
      "path": "packs/crafting-results.db",
      "type": "Item",
      "private": false,
      "system": "dnd5e",
      "flags": {}
    },
    {
      "name": "Crafting Macros",
      "label": "Crafting Macros",
      "path": "packs/crafting-macros.db",
      "type": "Macro",
      "private": false,
      "system": "dnd5e",
      "flags": {}
    },
    {
      "name": "Crafting Roll Tables",
      "label": "Crafting Roll Tables",
      "path": "packs/crafting-roll-tables.db",
      "type": "RollTable",
      "private": false,
      "system": "dnd5e",
      "flags": {}
    },
    {
      "name": "Crafting Merchants",
      "label": "Crafting Merchants",
      "path": "packs/crafting-merchants.db",
      "type": "Actor",
      "private": false,
      "system": "dnd5e",
      "flags": {}
    },
    {
      "name": "Crafting Journals",
      "label": "Crafting Journals",
      "path": "packs/crafting-journals.db",
      "type": "JournalEntry",
      "private": false,
      "system": "dnd5e",
      "flags": {}
    },
    {
      "name": "Crafting Recipes FTOD",
      "label": "Crafting Recipes (FTOD)",
      "path": "packs/crafting-recipes-ftod.db",
      "type": "Item",
      "private": false,
      "system": "dnd5e",
      "flags": {}
    },
    {
      "name": "Crafting Results FTOD",
      "label": "Crafting Results (FTOD)",
      "path": "packs/crafting-results-ftod.db",
      "type": "Item",
      "private": false,
      "system": "dnd5e",
      "flags": {}
    },
    {
      "name": "Crafting Roll Tables FTOD",
      "label": "Crafting Roll Tables (FTOD)",
      "path": "packs/crafting-roll-tables-ftod.db",
      "type": "RollTable",
      "private": false,
      "system": "dnd5e",
      "flags": {}
    },
    {
      "name": "Crafting Journals FTOD",
      "label": "Crafting Journals (FTOD)",
      "path": "packs/crafting-journals-ftod.db",
      "type": "JournalEntry",
      "private": false,
      "system": "dnd5e",
      "flags": {}
    },
    {
      "name": "Crafting Recipes IDROTF",
      "label": "Crafting Recipes (IDROTF)",
      "path": "packs/crafting-recipes-idrotf.db",
      "type": "Item",
      "private": false,
      "system": "dnd5e",
      "flags": {}
    },
    {
      "name": "Crafting Results IDROTF",
      "label": "Crafting Results (IDROTF)",
      "path": "packs/crafting-results-idrotf.db",
      "type": "Item",
      "private": false,
      "system": "dnd5e",
      "flags": {}
    },
    {
      "name": "Crafting Roll Tables IDROTF",
      "label": "Crafting Roll Tables (IDROTF)",
      "path": "packs/crafting-roll-tables-idrotf.db",
      "type": "RollTable",
      "private": false,
      "system": "dnd5e",
      "flags": {}
    },
    {
      "name": "Crafting Journals IDROTF",
      "label": "Crafting Journals (IDROTF)",
      "path": "packs/crafting-journals-idrotf.db",
      "type": "JournalEntry",
      "private": false,
      "system": "dnd5e",
      "flags": {}
    },
    {
      "name": "Crafting Ingredients IMR",
      "label": "Crafting Ingredients (IMR)",
      "path": "packs/crafting-ingredients-imr.db",
      "type": "Item",
      "private": false,
      "system": "dnd5e",
      "flags": {}
    },
    {
      "name": "Crafting Recipes IMR",
      "label": "Crafting Recipes (IMR)",
      "path": "packs/crafting-recipes-imr.db",
      "type": "Item",
      "private": false,
      "system": "dnd5e",
      "flags": {}
    },
    {
      "name": "Crafting Results IMR",
      "label": "Crafting Results (IMR)",
      "path": "packs/crafting-results-imr.db",
      "type": "Item",
      "private": false,
      "system": "dnd5e",
      "flags": {}
    },
    {
      "name": "Crafting Roll Tables IMR",
      "label": "Crafting Roll Tables (IMR)",
      "path": "packs/crafting-roll-tables-imr.db",
      "type": "RollTable",
      "private": false,
      "system": "dnd5e",
      "flags": {}
    },
    {
      "name": "Crafting Journals IMR",
      "label": "Crafting Journals (IMR)",
      "path": "packs/crafting-journals-imr.db",
      "type": "JournalEntry",
      "private": false,
      "system": "dnd5e",
      "flags": {}
    },
    {
      "name": "Crafting Recipes OOTA",
      "label": "Crafting Recipes (OOTA)",
      "path": "packs/crafting-recipes-oota.db",
      "type": "Item",
      "private": false,
      "system": "dnd5e",
      "flags": {}
    },
    {
      "name": "Crafting Results OOTA",
      "label": "Crafting Results (OOTA)",
      "path": "packs/crafting-results-oota.db",
      "type": "Item",
      "private": false,
      "system": "dnd5e",
      "flags": {}
    },
    {
      "name": "Crafting Roll Tables OOTA",
      "label": "Crafting Roll Tables (OOTA)",
      "path": "packs/crafting-roll-tables-oota.db",
      "type": "RollTable",
      "private": false,
      "system": "dnd5e",
      "flags": {}
    },
    {
      "name": "Crafting Journals OOTA",
      "label": "Crafting Journals (OOTA)",
      "path": "packs/crafting-journals-oota.db",
      "type": "JournalEntry",
      "private": false,
      "system": "dnd5e",
      "flags": {}
    },
    {
      "name": "Crafting Ingredients VRGTR",
      "label": "Crafting Ingredients (VRGTR)",
      "path": "packs/crafting-ingredients-vrgtr.db",
      "type": "Item",
      "private": false,
      "system": "dnd5e",
      "flags": {}
    },
    {
      "name": "Crafting Recipes VRGTR",
      "label": "Crafting Recipes (VRGTR)",
      "path": "packs/crafting-recipes-vrgtr.db",
      "type": "Item",
      "private": false,
      "system": "dnd5e",
      "flags": {}
    },
    {
      "name": "Crafting Results VRGTR",
      "label": "Crafting Results (VRGTR)",
      "path": "packs/crafting-results-vrgtr.db",
      "type": "Item",
      "private": false,
      "system": "dnd5e",
      "flags": {}
    },
    {
      "name": "Crafting Roll Tables VRGTR",
      "label": "Crafting Roll Tables (VRGTR)",
      "path": "packs/crafting-roll-tables-vrgtr.db",
      "type": "RollTable",
      "private": false,
      "system": "dnd5e",
      "flags": {}
    },
    {
      "name": "Crafting Journals VRGTR",
      "label": "Crafting Journals (VRGTR)",
      "path": "packs/crafting-journals-vrgtr.db",
      "type": "JournalEntry",
      "private": false,
      "system": "dnd5e",
      "flags": {}
    },
    {
      "name": "Crafting Recipes XGTE",
      "label": "Crafting Recipes (XGTE)",
      "path": "packs/crafting-recipes-xgte.db",
      "type": "Item",
      "private": false,
      "system": "dnd5e",
      "flags": {}
    },
    {
      "name": "Crafting Results XGTE",
      "label": "Crafting Results (XGTE)",
      "path": "packs/crafting-results-xgte.db",
      "type": "Item",
      "private": false,
      "system": "dnd5e",
      "flags": {}
    },
    {
      "name": "Crafting Roll Tables XGTE",
      "label": "Crafting Roll Tables (XGTE)",
      "path": "packs/crafting-roll-tables-xgte.db",
      "type": "RollTable",
      "private": false,
      "system": "dnd5e",
      "flags": {}
    },
    {
      "name": "Crafting Journals XGTE",
      "label": "Crafting Journals (XGTE)",
      "path": "packs/crafting-journals-xgte.db",
      "type": "JournalEntry",
      "private": false,
      "system": "dnd5e",
      "flags": {}
    }
  ],
  "relationships": {
    "systems": [
      {
        "id": "dnd5e",
        "type": "system",
        "compatibility": {}
      }
    ],
    "requires": [
      {
        "id": "advanced-macros",
        "type": "module",
        "compatibility": {}
      },
      {
        "id": "compendium-folders",
        "type": "module",
        "compatibility": {}
      },
      {
        "id": "gatherer",
        "type": "module",
        "compatibility": {}
      },
      {
        "id": "itemcollection",
        "type": "module",
        "compatibility": {}
      },
      {
        "id": "item-piles",
        "type": "module",
        "compatibility": {}
      },
      {
        "id": "mastercrafted",
        "type": "module",
        "compatibility": {}
      },
      {
        "id": "dae",
        "type": "module",
        "compatibility": {}
      }
    ]
  },
  "url": "https://github.com/tlaroy/crafting-gathering",
  "manifest": "https://raw.githubusercontent.com/tlaroy/crafting-gathering/main/module.json",
  "download": "https://github.com/tlaroy/crafting-gathering/raw/main/downloads/crafting-gathering-v0.12.zip"
}