{
  "name": "Weaving (IDROTF)",
  "description": "",
  "ownership": {
    "fnbYkpHtl1fog06u": "2",
    "TKTuPaWmviyTg5nq": "2",
    "ffm0hg4Ag7AxYV9M": "2",
    "mT0BpCNV1QD6le32": "2",
    "yPjxt8T9laEdUk5W": "2",
    "qvjyllfbPM1W0Emi": "1"
  },
  "tools": "Weaver's Tools",
  "ingredientsInspection": "1",
  "productInspection": "1",
  "recipes": [
    {
      "name": "Cold-Weather Clothes",
      "time": null,
      "macroName": "WeavingCheck",
      "ingredientsInspection": "0",
      "productInspection": "0",
      "description": "",
      "tools": "",
      "ingredients": [
        {
          "name": null,
          "components": [
            {
              "uuid": "Compendium.crafting-gathering.Crafting Ingredients.gJ6BKqNrRAZBhbU1",
              "quantity": 1,
              "name": "#05 Linen Cloth"
            }
          ]
        }
      ],
      "products": [
        {
          "name": null,
          "components": [
            {
              "uuid": "Compendium.crafting-gathering.Crafting Results IDROTF.6s6Hew5Oguw361Js",
              "quantity": 1,
              "name": "Cold Weather Clothing"
            }
          ]
        }
      ],
      "img": "icons/equipment/back/cloak-heavy-collared-fur-green.webp",
      "ownership": {
        "fnbYkpHtl1fog06u": "0",
        "TKTuPaWmviyTg5nq": "0",
        "ffm0hg4Ag7AxYV9M": "0",
        "mT0BpCNV1QD6le32": "0",
        "yPjxt8T9laEdUk5W": "0",
        "qvjyllfbPM1W0Emi": "0"
      }
    }
  ],
  "img": "icons/sundries/books/book-worn-brown-grey.webp",
  "documentName": "RecipeBook"
}