{
  "name": "Poisoner (IMR)",
  "description": "",
  "ownership": {
    "fnbYkpHtl1fog06u": "2",
    "TKTuPaWmviyTg5nq": "2",
    "ffm0hg4Ag7AxYV9M": "1",
    "mT0BpCNV1QD6le32": "2",
    "yPjxt8T9laEdUk5W": "2",
    "qvjyllfbPM1W0Emi": "1"
  },
  "tools": "Poisoner's Kit",
  "ingredientsInspection": "1",
  "productInspection": "1",
  "recipes": [
    {
      "name": "Blood of the Lycanthrope (Injury)",
      "time": null,
      "macroName": "PoisonerCheck",
      "ingredientsInspection": "0",
      "productInspection": "0",
      "description": "",
      "tools": "",
      "ingredients": [
        {
          "name": null,
          "components": [
            {
              "uuid": "Compendium.crafting-gathering.Crafting Ingredients IMR.tQVunr75hv9qH5s2",
              "quantity": 1,
              "name": "Lycanthrope Blood"
            }
          ]
        },
        {
          "name": null,
          "components": [
            {
              "uuid": "Item.Ql64jqElBNGf5jfT",
              "quantity": 1,
              "name": "Vial"
            }
          ]
        }
      ],
      "products": [
        {
          "name": null,
          "components": [
            {
              "uuid": "Compendium.crafting-gathering.Crafting Results IMR.w6FU4KpN5XINtHKw",
              "quantity": 1,
              "name": "Blood of the Lycanthrope (Injury)"
            }
          ]
        }
      ],
      "img": "icons/consumables/potions/bottle-bulb-corked-glowing-red.webp",
      "ownership": {
        "fnbYkpHtl1fog06u": "2",
        "TKTuPaWmviyTg5nq": "2",
        "ffm0hg4Ag7AxYV9M": "2",
        "mT0BpCNV1QD6le32": "2",
        "yPjxt8T9laEdUk5W": "2",
        "qvjyllfbPM1W0Emi": "0"
      }
    },
    {
      "name": "Dust of the Mummy (Inhaled)",
      "time": null,
      "macroName": "PoisonerCheck",
      "ingredientsInspection": "0",
      "productInspection": "0",
      "description": "",
      "tools": "",
      "ingredients": [
        {
          "name": null,
          "components": [
            {
              "uuid": "Compendium.crafting-gathering.Crafting Ingredients IMR.DJibgAud1PYqYNak",
              "quantity": 1,
              "name": "Mummy Dust"
            }
          ]
        },
        {
          "name": null,
          "components": [
            {
              "uuid": "Item.b3wNcBkleyyW2EK9",
              "quantity": 1,
              "name": "Pouch"
            }
          ]
        }
      ],
      "products": [
        {
          "name": null,
          "components": [
            {
              "uuid": "Compendium.crafting-gathering.Crafting Results IMR.40ld3zT9E3GuMUse",
              "quantity": 1,
              "name": "Dust of the Mummy (Inhaled)"
            }
          ]
        }
      ],
      "img": "icons/commodities/materials/bowl-powder-grey.webp",
      "ownership": {
        "fnbYkpHtl1fog06u": "2",
        "TKTuPaWmviyTg5nq": "2",
        "ffm0hg4Ag7AxYV9M": "2",
        "mT0BpCNV1QD6le32": "2",
        "yPjxt8T9laEdUk5W": "2",
        "qvjyllfbPM1W0Emi": "0"
      }
    },
    {
      "name": "Thessaltoxin (Ingested or Injury)",
      "time": null,
      "macroName": "PoisonerCheck",
      "ingredientsInspection": "0",
      "productInspection": "0",
      "description": "",
      "tools": "",
      "ingredients": [
        {
          "name": null,
          "components": [
            {
              "uuid": "Compendium.crafting-gathering.Crafting Ingredients IMR.ICDCyk1zxNd3kz65",
              "quantity": 1,
              "name": "Thessal's Blood"
            }
          ]
        },
        {
          "name": null,
          "components": [
            {
              "uuid": "Item.Ql64jqElBNGf5jfT",
              "quantity": 1,
              "name": "Vial"
            }
          ]
        }
      ],
      "products": [
        {
          "name": null,
          "components": [
            {
              "uuid": "Compendium.crafting-gathering.Crafting Results IMR.8CQcV1s4zPj0GWAl",
              "quantity": 1,
              "name": "Thessaltoxin (Ingested or Injury)"
            }
          ]
        }
      ],
      "img": "icons/tools/laboratory/bowl-liquid-black.webp",
      "ownership": {
        "fnbYkpHtl1fog06u": "2",
        "TKTuPaWmviyTg5nq": "2",
        "ffm0hg4Ag7AxYV9M": "2",
        "mT0BpCNV1QD6le32": "2",
        "yPjxt8T9laEdUk5W": "2",
        "qvjyllfbPM1W0Emi": "0"
      }
    }
  ],
  "img": "icons/sundries/books/book-worn-brown-grey.webp",
  "documentName": "RecipeBook"
}