{
  "name": "Apothecary (IMR)",
  "description": "",
  "ownership": {
    "fnbYkpHtl1fog06u": "1",
    "TKTuPaWmviyTg5nq": "1",
    "ffm0hg4Ag7AxYV9M": "2",
    "mT0BpCNV1QD6le32": "2",
    "yPjxt8T9laEdUk5W": "2",
    "qvjyllfbPM1W0Emi": "1"
  },
  "tools": "Herbalism Kit",
  "ingredientsInspection": "1",
  "productInspection": "1",
  "recipes": [
    {
      "name": "Blood of the Lycanthrope Antidote",
      "time": null,
      "macroName": "ApothecaryCheck",
      "ingredientsInspection": "0",
      "productInspection": "0",
      "description": "",
      "tools": "",
      "ingredients": [
        {
          "name": null,
          "components": [
            {
              "uuid": "Compendium.crafting-gathering.Crafting Ingredients IMR.4sFbnjMfKts3tZ4I",
              "quantity": 1,
              "name": "Werebane"
            }
          ]
        },
        {
          "name": null,
          "components": [
            {
              "uuid": "Compendium.crafting-gathering.Crafting Results.cSMnZheuGDnexpDX",
              "quantity": 1,
              "name": "Vial"
            }
          ]
        }
      ],
      "products": [
        {
          "name": null,
          "components": [
            {
              "uuid": "Compendium.crafting-gathering.Crafting Results IMR.eg3Q4UclfQgLxcjI",
              "quantity": 1,
              "name": "Blood of the Lycanthrope Antidote"
            }
          ]
        }
      ],
      "img": "icons/consumables/potions/bottle-bulb-corked-glowing-red.webp",
      "ownership": {
        "fnbYkpHtl1fog06u": "2",
        "TKTuPaWmviyTg5nq": "2",
        "ffm0hg4Ag7AxYV9M": "2",
        "mT0BpCNV1QD6le32": "2",
        "yPjxt8T9laEdUk5W": "2",
        "qvjyllfbPM1W0Emi": "0"
      }
    },
    {
      "name": "Mummy Rot Antidote",
      "time": null,
      "macroName": "ApothecaryCheck",
      "ingredientsInspection": "0",
      "productInspection": "0",
      "description": "",
      "tools": "",
      "ingredients": [
        {
          "name": null,
          "components": [
            {
              "uuid": "Compendium.crafting-gathering.Crafting Ingredients IMR.p82m9gTdVLF2N05o",
              "quantity": 1,
              "name": "Moongrass"
            }
          ]
        },
        {
          "name": null,
          "components": [
            {
              "uuid": "Compendium.crafting-gathering.Crafting Results.cSMnZheuGDnexpDX",
              "quantity": 1,
              "name": "Vial"
            }
          ]
        }
      ],
      "products": [
        {
          "name": null,
          "components": [
            {
              "uuid": "Compendium.crafting-gathering.Crafting Results IMR.JPdOi6NqFxGNJWdh",
              "quantity": 1,
              "name": "Mummy Rot Antidote"
            }
          ]
        }
      ],
      "img": "icons/consumables/potions/potion-vial-corked-labeled-purple.webp",
      "ownership": {
        "fnbYkpHtl1fog06u": "2",
        "TKTuPaWmviyTg5nq": "2",
        "ffm0hg4Ag7AxYV9M": "2",
        "mT0BpCNV1QD6le32": "2",
        "yPjxt8T9laEdUk5W": "2",
        "qvjyllfbPM1W0Emi": "0"
      }
    },
    {
      "name": "Thessaltoxin Antidote",
      "time": null,
      "macroName": "ApothecaryCheck",
      "ingredientsInspection": "0",
      "productInspection": "0",
      "description": "",
      "tools": "",
      "ingredients": [
        {
          "name": null,
          "components": [
            {
              "uuid": "Compendium.crafting-gathering.Crafting Ingredients IMR.tjfkRcBvH9PvAiYJ",
              "quantity": 1,
              "name": "Thistlethorn"
            }
          ]
        },
        {
          "name": null,
          "components": [
            {
              "uuid": "Compendium.crafting-gathering.Crafting Results.cSMnZheuGDnexpDX",
              "quantity": 1,
              "name": "Vial"
            }
          ]
        }
      ],
      "products": [
        {
          "name": null,
          "components": [
            {
              "uuid": "Compendium.crafting-gathering.Crafting Results IMR.Su3LHXNMAto8Y7IG",
              "quantity": 1,
              "name": "Thessaltoxin Antidote"
            }
          ]
        }
      ],
      "img": "icons/consumables/potions/bottle-conical-corked-labeled-shell-cyan.webp",
      "ownership": {
        "fnbYkpHtl1fog06u": "2",
        "TKTuPaWmviyTg5nq": "2",
        "ffm0hg4Ag7AxYV9M": "2",
        "mT0BpCNV1QD6le32": "2",
        "yPjxt8T9laEdUk5W": "2",
        "qvjyllfbPM1W0Emi": "0"
      }
    }
  ],
  "img": "icons/sundries/books/book-worn-brown-grey.webp",
  "documentName": "RecipeBook"
}