{
  "name": "Wood Working",
  "description": "",
  "ownership": {
    "fnbYkpHtl1fog06u": "2",
    "TKTuPaWmviyTg5nq": "2",
    "ffm0hg4Ag7AxYV9M": "2",
    "mT0BpCNV1QD6le32": "1",
    "yPjxt8T9laEdUk5W": "2",
    "qvjyllfbPM1W0Emi": "1"
  },
  "tools": "Woodcarver's Tools",
  "ingredientsInspection": "1",
  "productInspection": "1",
  "recipes": [
    {
      "name": "Arrows",
      "time": null,
      "macroName": "WoodWorkingCheck",
      "ingredientsInspection": "0",
      "productInspection": "0",
      "description": "",
      "tools": "",
      "ingredients": [
        {
          "name": null,
          "components": [
            {
              "uuid": "Compendium.crafting-gathering.Crafting Ingredients.eXlVnaYxRxT9hToh",
              "quantity": 1,
              "name": "White Ash"
            }
          ]
        }
      ],
      "products": [
        {
          "name": null,
          "components": [
            {
              "uuid": "Compendium.dnd5e.items.3c7JXOzsv55gqJS5",
              "quantity": "20",
              "name": "Arrow"
            }
          ]
        }
      ],
      "img": "icons/weapons/ammunition/arrow-head-war.webp",
      "ownership": {
        "fnbYkpHtl1fog06u": "0",
        "TKTuPaWmviyTg5nq": "0",
        "ffm0hg4Ag7AxYV9M": "0",
        "mT0BpCNV1QD6le32": "0",
        "yPjxt8T9laEdUk5W": "0",
        "qvjyllfbPM1W0Emi": "0"
      }
    },
    {
      "name": "Blowgun Needles",
      "time": null,
      "macroName": "WoodWorkingCheck",
      "ingredientsInspection": "0",
      "productInspection": "0",
      "description": "",
      "tools": "",
      "ingredients": [
        {
          "name": null,
          "components": [
            {
              "uuid": "Compendium.crafting-gathering.Crafting Ingredients.eXlVnaYxRxT9hToh",
              "quantity": 1,
              "name": "White Ash"
            }
          ]
        }
      ],
      "products": [
        {
          "name": null,
          "components": [
            {
              "uuid": "Compendium.dnd5e.items.gBQ8xqTA5f8wP5iu",
              "quantity": "50",
              "name": "Blowgun Needle"
            }
          ]
        }
      ],
      "img": "icons/weapons/ammunition/arrows-war-red.webp",
      "ownership": {
        "fnbYkpHtl1fog06u": "0",
        "TKTuPaWmviyTg5nq": "0",
        "ffm0hg4Ag7AxYV9M": "0",
        "mT0BpCNV1QD6le32": "0",
        "yPjxt8T9laEdUk5W": "0",
        "qvjyllfbPM1W0Emi": "0"
      }
    },
    {
      "name": "Crossbow Bolts",
      "time": null,
      "macroName": "WoodWorkingCheck",
      "ingredientsInspection": "0",
      "productInspection": "0",
      "description": "",
      "tools": "",
      "ingredients": [
        {
          "name": null,
          "components": [
            {
              "uuid": "Compendium.crafting-gathering.Crafting Ingredients.eXlVnaYxRxT9hToh",
              "quantity": 1,
              "name": "White Ash"
            }
          ]
        }
      ],
      "products": [
        {
          "name": null,
          "components": [
            {
              "uuid": "Compendium.dnd5e.items.SItCnYBqhzqBoaWG",
              "quantity": "20",
              "name": "Crossbow Bolt"
            }
          ]
        }
      ],
      "img": "icons/weapons/ammunition/arrows-bodkin-yellow-red.webp",
      "ownership": {
        "fnbYkpHtl1fog06u": "0",
        "TKTuPaWmviyTg5nq": "0",
        "ffm0hg4Ag7AxYV9M": "0",
        "mT0BpCNV1QD6le32": "0",
        "yPjxt8T9laEdUk5W": "0",
        "qvjyllfbPM1W0Emi": "0"
      }
    },
    {
      "name": "Shield",
      "time": null,
      "macroName": "WoodWorkingCheck",
      "ingredientsInspection": "0",
      "productInspection": "0",
      "description": "",
      "tools": "",
      "ingredients": [
        {
          "name": null,
          "components": [
            {
              "uuid": "Compendium.crafting-gathering.Crafting Ingredients.LF9pRsoBT5eVb70d",
              "quantity": 1,
              "name": "Adler"
            }
          ]
        }
      ],
      "products": [
        {
          "name": null,
          "components": [
            {
              "uuid": "Compendium.dnd5e.items.sSs3hSzkKBMNBgTs",
              "quantity": 1,
              "name": "Shield"
            }
          ]
        }
      ],
      "img": "icons/equipment/shield/oval-wooden-boss-steel.webp",
      "ownership": {
        "fnbYkpHtl1fog06u": "0",
        "TKTuPaWmviyTg5nq": "0",
        "ffm0hg4Ag7AxYV9M": "0",
        "mT0BpCNV1QD6le32": "0",
        "yPjxt8T9laEdUk5W": "0",
        "qvjyllfbPM1W0Emi": "0"
      }
    },
    {
      "name": "Blowgun",
      "time": null,
      "macroName": "WoodWorkingCheck",
      "ingredientsInspection": "0",
      "productInspection": "0",
      "description": "",
      "tools": "",
      "ingredients": [
        {
          "name": null,
          "components": [
            {
              "uuid": "Compendium.crafting-gathering.Crafting Ingredients.2iIjDflJ0nJz8uVO",
              "quantity": 1,
              "name": "Bamboo"
            }
          ]
        }
      ],
      "products": [
        {
          "name": null,
          "components": [
            {
              "uuid": "Compendium.dnd5e.items.wNWK6yJMHG9ANqQV",
              "quantity": 1,
              "name": "Blowgun"
            }
          ]
        }
      ],
      "img": "icons/weapons/staves/staff-simple-brown.webp",
      "ownership": {
        "fnbYkpHtl1fog06u": "0",
        "TKTuPaWmviyTg5nq": "0",
        "ffm0hg4Ag7AxYV9M": "0",
        "mT0BpCNV1QD6le32": "0",
        "yPjxt8T9laEdUk5W": "0",
        "qvjyllfbPM1W0Emi": "0"
      }
    },
    {
      "name": "Club",
      "time": null,
      "macroName": "WoodWorkingCheck",
      "ingredientsInspection": "0",
      "productInspection": "0",
      "description": "",
      "tools": "",
      "ingredients": [
        {
          "name": null,
          "components": [
            {
              "uuid": "Compendium.crafting-gathering.Crafting Ingredients.A9yxFLUsfP1cFOGJ",
              "quantity": 1,
              "name": "Cherry"
            }
          ]
        }
      ],
      "products": [
        {
          "name": null,
          "components": [
            {
              "uuid": "Compendium.dnd5e.items.nfIRTECQIG81CvM4",
              "quantity": 1,
              "name": "Club"
            }
          ]
        }
      ],
      "img": "icons/weapons/clubs/club-simple-barbed.webp",
      "ownership": {
        "fnbYkpHtl1fog06u": "0",
        "TKTuPaWmviyTg5nq": "0",
        "ffm0hg4Ag7AxYV9M": "0",
        "mT0BpCNV1QD6le32": "0",
        "yPjxt8T9laEdUk5W": "0",
        "qvjyllfbPM1W0Emi": "0"
      }
    },
    {
      "name": "Dart",
      "time": null,
      "macroName": "WoodWorkingCheck",
      "ingredientsInspection": "0",
      "productInspection": "0",
      "description": "",
      "tools": "",
      "ingredients": [
        {
          "name": null,
          "components": [
            {
              "uuid": "Compendium.crafting-gathering.Crafting Ingredients.DxmJcsvWKDrUlVSP",
              "quantity": 1,
              "name": "Ash"
            }
          ]
        }
      ],
      "products": [
        {
          "name": null,
          "components": [
            {
              "uuid": "Compendium.dnd5e.items.3rCO8MTIdPGSW6IJ",
              "quantity": 1,
              "name": "Dart"
            }
          ]
        }
      ],
      "img": "icons/weapons/ammunition/arrows-war-red.webp",
      "ownership": {
        "fnbYkpHtl1fog06u": "0",
        "TKTuPaWmviyTg5nq": "0",
        "ffm0hg4Ag7AxYV9M": "0",
        "mT0BpCNV1QD6le32": "0",
        "yPjxt8T9laEdUk5W": "0",
        "qvjyllfbPM1W0Emi": "0"
      }
    },
    {
      "name": "Greatclub",
      "time": null,
      "macroName": "WoodWorkingCheck",
      "ingredientsInspection": "0",
      "productInspection": "0",
      "description": "",
      "tools": "",
      "ingredients": [
        {
          "name": null,
          "components": [
            {
              "uuid": "Compendium.crafting-gathering.Crafting Ingredients.4JKTkQddDldA7R6K",
              "quantity": 1,
              "name": "Walnut"
            }
          ]
        }
      ],
      "products": [
        {
          "name": null,
          "components": [
            {
              "uuid": "Compendium.dnd5e.items.QRCsxkCwWNwswL9o",
              "quantity": 1,
              "name": "Greatclub"
            }
          ]
        }
      ],
      "img": "icons/weapons/clubs/club-simple-barbed.webp",
      "ownership": {
        "fnbYkpHtl1fog06u": "0",
        "TKTuPaWmviyTg5nq": "0",
        "ffm0hg4Ag7AxYV9M": "0",
        "mT0BpCNV1QD6le32": "0",
        "yPjxt8T9laEdUk5W": "0",
        "qvjyllfbPM1W0Emi": "0"
      }
    },
    {
      "name": "Hand Crossbow",
      "time": null,
      "macroName": "WoodWorkingCheck",
      "ingredientsInspection": "0",
      "productInspection": "0",
      "description": "",
      "tools": "",
      "ingredients": [
        {
          "name": null,
          "components": [
            {
              "uuid": "Compendium.crafting-gathering.Crafting Ingredients.AJwgTme7sri3kBbf",
              "quantity": "3",
              "name": "White Oak"
            }
          ]
        }
      ],
      "products": [
        {
          "name": null,
          "components": [
            {
              "uuid": "Compendium.dnd5e.items.qaSro7kFhxD6INbZ",
              "quantity": 1,
              "name": "Hand Crossbow"
            }
          ]
        }
      ],
      "img": "icons/weapons/crossbows/crossbow-simple-brown.webp",
      "ownership": {
        "fnbYkpHtl1fog06u": "0",
        "TKTuPaWmviyTg5nq": "0",
        "ffm0hg4Ag7AxYV9M": "0",
        "mT0BpCNV1QD6le32": "0",
        "yPjxt8T9laEdUk5W": "0",
        "qvjyllfbPM1W0Emi": "0"
      }
    },
    {
      "name": "Heavy Crossbow",
      "time": null,
      "macroName": "WoodWorkingCheck",
      "ingredientsInspection": "0",
      "productInspection": "0",
      "description": "",
      "tools": "",
      "ingredients": [
        {
          "name": null,
          "components": [
            {
              "uuid": "Compendium.crafting-gathering.Crafting Ingredients.AJwgTme7sri3kBbf",
              "quantity": "2",
              "name": "White Oak"
            }
          ]
        }
      ],
      "products": [
        {
          "name": null,
          "components": [
            {
              "uuid": "Compendium.dnd5e.items.RmP0mYRn2J7K26rX",
              "quantity": 1,
              "name": "Heavy Crossbow"
            }
          ]
        }
      ],
      "img": "icons/weapons/crossbows/crossbow-blue.webp",
      "ownership": {
        "fnbYkpHtl1fog06u": "0",
        "TKTuPaWmviyTg5nq": "0",
        "ffm0hg4Ag7AxYV9M": "0",
        "mT0BpCNV1QD6le32": "0",
        "yPjxt8T9laEdUk5W": "0",
        "qvjyllfbPM1W0Emi": "0"
      }
    },
    {
      "name": "Javelin",
      "time": null,
      "macroName": "WoodWorkingCheck",
      "ingredientsInspection": "0",
      "productInspection": "0",
      "description": "",
      "tools": "",
      "ingredients": [
        {
          "name": null,
          "components": [
            {
              "uuid": "Compendium.crafting-gathering.Crafting Ingredients.cDVrLlNPY3I0WPBC",
              "quantity": 1,
              "name": "Maple"
            }
          ]
        }
      ],
      "products": [
        {
          "name": null,
          "components": [
            {
              "uuid": "Compendium.dnd5e.items.DWLMnODrnHn8IbAG",
              "quantity": 1,
              "name": "Javelin"
            }
          ]
        }
      ],
      "img": "icons/weapons/ammunition/arrows-bodkin-yellow-red.webp",
      "ownership": {
        "fnbYkpHtl1fog06u": "0",
        "TKTuPaWmviyTg5nq": "0",
        "ffm0hg4Ag7AxYV9M": "0",
        "mT0BpCNV1QD6le32": "0",
        "yPjxt8T9laEdUk5W": "0",
        "qvjyllfbPM1W0Emi": "0"
      }
    },
    {
      "name": "Lance",
      "time": null,
      "macroName": "WoodCraftingCheck",
      "ingredientsInspection": "0",
      "productInspection": "0",
      "description": "",
      "tools": "",
      "ingredients": [
        {
          "name": null,
          "components": [
            {
              "uuid": "Compendium.crafting-gathering.Crafting Ingredients.f1ln1CcEEsOeYn6r",
              "quantity": "2",
              "name": "Kingswood"
            }
          ]
        }
      ],
      "products": [
        {
          "name": null,
          "components": [
            {
              "uuid": "Compendium.dnd5e.items.RnuxdHUAIgxccVwj",
              "quantity": 1,
              "name": "Lance"
            }
          ]
        }
      ],
      "img": "icons/weapons/ammunition/arrow-head-war-flight.webp",
      "ownership": {
        "fnbYkpHtl1fog06u": "0",
        "TKTuPaWmviyTg5nq": "0",
        "ffm0hg4Ag7AxYV9M": "0",
        "mT0BpCNV1QD6le32": "0",
        "yPjxt8T9laEdUk5W": "0",
        "qvjyllfbPM1W0Emi": "0"
      }
    },
    {
      "name": "Light Crossbow",
      "time": null,
      "macroName": "WoodWorkingCheck",
      "ingredientsInspection": "0",
      "productInspection": "0",
      "description": "",
      "tools": "",
      "ingredients": [
        {
          "name": null,
          "components": [
            {
              "uuid": "Compendium.crafting-gathering.Crafting Ingredients.AJwgTme7sri3kBbf",
              "quantity": 1,
              "name": "White Oak"
            }
          ]
        }
      ],
      "products": [
        {
          "name": null,
          "components": [
            {
              "uuid": "Compendium.dnd5e.items.ddWvQRLmnnIS0eLF",
              "quantity": 1,
              "name": "Light Crossbow"
            }
          ]
        }
      ],
      "img": "icons/weapons/crossbows/crossbow-simple-brown.webp",
      "ownership": {
        "fnbYkpHtl1fog06u": "0",
        "TKTuPaWmviyTg5nq": "0",
        "ffm0hg4Ag7AxYV9M": "0",
        "mT0BpCNV1QD6le32": "0",
        "yPjxt8T9laEdUk5W": "0",
        "qvjyllfbPM1W0Emi": "0"
      }
    },
    {
      "name": "Longbow",
      "time": null,
      "macroName": "WoodWorkingCheck",
      "ingredientsInspection": "0",
      "productInspection": "0",
      "description": "",
      "tools": "",
      "ingredients": [
        {
          "name": null,
          "components": [
            {
              "uuid": "Compendium.crafting-gathering.Crafting Ingredients.uxTrvJJQnWKSulNU",
              "quantity": "2",
              "name": "Yew"
            }
          ]
        }
      ],
      "products": [
        {
          "name": null,
          "components": [
            {
              "uuid": "Compendium.dnd5e.items.3cymOVja8jXbzrdT",
              "quantity": 1,
              "name": "Longbow"
            }
          ]
        }
      ],
      "img": "icons/weapons/bows/longbow-leather-green.webp",
      "ownership": {
        "fnbYkpHtl1fog06u": "0",
        "TKTuPaWmviyTg5nq": "0",
        "ffm0hg4Ag7AxYV9M": "0",
        "mT0BpCNV1QD6le32": "0",
        "yPjxt8T9laEdUk5W": "0",
        "qvjyllfbPM1W0Emi": "0"
      }
    },
    {
      "name": "Pike",
      "time": null,
      "macroName": "WoodWorkingCheck",
      "ingredientsInspection": "0",
      "productInspection": "0",
      "description": "",
      "tools": "",
      "ingredients": [
        {
          "name": null,
          "components": [
            {
              "uuid": "Compendium.crafting-gathering.Crafting Ingredients.f1ln1CcEEsOeYn6r",
              "quantity": 1,
              "name": "Kingswood"
            }
          ]
        }
      ],
      "products": [
        {
          "name": null,
          "components": [
            {
              "uuid": "Compendium.dnd5e.items.tC0kcqZT9HHAO0PD",
              "quantity": 1,
              "name": "Pike"
            }
          ]
        }
      ],
      "img": "icons/weapons/polearms/halberd-crescent-stone-worn.webp",
      "ownership": {
        "fnbYkpHtl1fog06u": "0",
        "TKTuPaWmviyTg5nq": "0",
        "ffm0hg4Ag7AxYV9M": "0",
        "mT0BpCNV1QD6le32": "0",
        "yPjxt8T9laEdUk5W": "0",
        "qvjyllfbPM1W0Emi": "0"
      }
    },
    {
      "name": "Quarterstaff",
      "time": null,
      "macroName": "WoodWorkingCheck",
      "ingredientsInspection": "0",
      "productInspection": "0",
      "description": "",
      "tools": "",
      "ingredients": [
        {
          "name": null,
          "components": [
            {
              "uuid": "Compendium.crafting-gathering.Crafting Ingredients.mL1y6QpLkk7gEUDo",
              "quantity": 1,
              "name": "Pine"
            }
          ]
        }
      ],
      "products": [
        {
          "name": null,
          "components": [
            {
              "uuid": "Compendium.dnd5e.items.g2dWN7PQiMRYWzyk",
              "quantity": 1,
              "name": "Quarterstaff"
            }
          ]
        }
      ],
      "img": "icons/weapons/staves/staff-simple-gold.webp",
      "ownership": {
        "fnbYkpHtl1fog06u": "0",
        "TKTuPaWmviyTg5nq": "0",
        "ffm0hg4Ag7AxYV9M": "0",
        "mT0BpCNV1QD6le32": "0",
        "yPjxt8T9laEdUk5W": "0",
        "qvjyllfbPM1W0Emi": "0"
      }
    },
    {
      "name": "Shortbow",
      "time": null,
      "macroName": "WoodWorkingCheck",
      "ingredientsInspection": "0",
      "productInspection": "0",
      "description": "",
      "tools": "",
      "ingredients": [
        {
          "name": null,
          "components": [
            {
              "uuid": "Compendium.crafting-gathering.Crafting Ingredients.uxTrvJJQnWKSulNU",
              "quantity": 1,
              "name": "Yew"
            }
          ]
        }
      ],
      "products": [
        {
          "name": null,
          "components": [
            {
              "uuid": "Compendium.dnd5e.items.GJv6WkD7D2J6rP6M",
              "quantity": 1,
              "name": "Shortbow"
            }
          ]
        }
      ],
      "img": "icons/weapons/bows/shortbow-recurve.webp",
      "ownership": {
        "fnbYkpHtl1fog06u": "0",
        "TKTuPaWmviyTg5nq": "0",
        "ffm0hg4Ag7AxYV9M": "0",
        "mT0BpCNV1QD6le32": "0",
        "yPjxt8T9laEdUk5W": "0",
        "qvjyllfbPM1W0Emi": "0"
      }
    },
    {
      "name": "Spear",
      "time": null,
      "macroName": "WoodWorkingCheck",
      "ingredientsInspection": "0",
      "productInspection": "0",
      "description": "",
      "tools": "",
      "ingredients": [
        {
          "name": null,
          "components": [
            {
              "uuid": "Compendium.crafting-gathering.Crafting Ingredients.SlrKwrzCfrarDRah",
              "quantity": 1,
              "name": "Hickory"
            }
          ]
        }
      ],
      "products": [
        {
          "name": null,
          "components": [
            {
              "uuid": "Compendium.dnd5e.items.OG4nBBydvmfWYXIk",
              "quantity": 1,
              "name": "Spear"
            }
          ]
        }
      ],
      "img": "icons/weapons/polearms/spear-flared-worn-grey.webp",
      "ownership": {
        "fnbYkpHtl1fog06u": "0",
        "TKTuPaWmviyTg5nq": "0",
        "ffm0hg4Ag7AxYV9M": "0",
        "mT0BpCNV1QD6le32": "0",
        "yPjxt8T9laEdUk5W": "0",
        "qvjyllfbPM1W0Emi": "0"
      }
    },
    {
      "name": "Rod",
      "time": null,
      "macroName": "WoodWorkingCheck",
      "ingredientsInspection": "0",
      "productInspection": "0",
      "description": "",
      "tools": "",
      "ingredients": [
        {
          "name": null,
          "components": [
            {
              "uuid": "Compendium.crafting-gathering.Crafting Ingredients.f1ln1CcEEsOeYn6r",
              "quantity": "2",
              "name": "Kingswood"
            }
          ]
        }
      ],
      "products": [
        {
          "name": null,
          "components": [
            {
              "uuid": "Compendium.dnd5e.items.OojyyGfh91iViuMF",
              "quantity": 1,
              "name": "Rod"
            }
          ]
        }
      ],
      "img": "icons/weapons/polearms/spear-hooked-blue.webp",
      "ownership": {
        "fnbYkpHtl1fog06u": "0",
        "TKTuPaWmviyTg5nq": "0",
        "ffm0hg4Ag7AxYV9M": "0",
        "mT0BpCNV1QD6le32": "0",
        "yPjxt8T9laEdUk5W": "0",
        "qvjyllfbPM1W0Emi": "0"
      }
    },
    {
      "name": "Staff",
      "time": null,
      "macroName": "WoodWorkingCheck",
      "ingredientsInspection": "0",
      "productInspection": "0",
      "description": "",
      "tools": "",
      "ingredients": [
        {
          "name": null,
          "components": [
            {
              "uuid": "Compendium.crafting-gathering.Crafting Ingredients.f1ln1CcEEsOeYn6r",
              "quantity": "1",
              "name": "Kingswood"
            }
          ]
        }
      ],
      "products": [
        {
          "name": null,
          "components": [
            {
              "uuid": "Compendium.dnd5e.items.BeKIrNIvNHRPQ4t5",
              "quantity": 1,
              "name": "Staff"
            }
          ]
        }
      ],
      "img": "icons/weapons/staves/staff-ornate-engraved-blue.webp",
      "ownership": {
        "fnbYkpHtl1fog06u": "0",
        "TKTuPaWmviyTg5nq": "0",
        "ffm0hg4Ag7AxYV9M": "0",
        "mT0BpCNV1QD6le32": "0",
        "yPjxt8T9laEdUk5W": "0",
        "qvjyllfbPM1W0Emi": "0"
      }
    },
    {
      "name": "Wand",
      "time": null,
      "macroName": "WoodWorkingCheck",
      "ingredientsInspection": "0",
      "productInspection": "0",
      "description": "",
      "tools": "",
      "ingredients": [
        {
          "name": null,
          "components": [
            {
              "uuid": "Compendium.crafting-gathering.Crafting Ingredients.f1ln1CcEEsOeYn6r",
              "quantity": "2",
              "name": "Kingswood"
            }
          ]
        }
      ],
      "products": [
        {
          "name": null,
          "components": [
            {
              "uuid": "Compendium.dnd5e.items.KA2P6I48iOWlnboO",
              "quantity": 1,
              "name": "Wand"
            }
          ]
        }
      ],
      "img": "icons/weapons/staves/staff-simple-green.webp",
      "ownership": {
        "fnbYkpHtl1fog06u": "0",
        "TKTuPaWmviyTg5nq": "0",
        "ffm0hg4Ag7AxYV9M": "0",
        "mT0BpCNV1QD6le32": "0",
        "yPjxt8T9laEdUk5W": "0",
        "qvjyllfbPM1W0Emi": "0"
      }
    },
    {
      "name": "Sprig of Mistletoe",
      "time": null,
      "macroName": "WoodWorkingCheck",
      "ingredientsInspection": "0",
      "productInspection": "0",
      "description": "",
      "tools": "",
      "ingredients": [
        {
          "name": null,
          "components": [
            {
              "uuid": "Compendium.crafting-gathering.Crafting Ingredients.cDVrLlNPY3I0WPBC",
              "quantity": "2",
              "name": "Maple"
            }
          ]
        }
      ],
      "products": [
        {
          "name": null,
          "components": [
            {
              "uuid": "Compendium.dnd5e.items.xDK9GQd2iqOGH8Sd",
              "quantity": 1,
              "name": "Sprig of Mistletoe"
            }
          ]
        }
      ],
      "img": "icons/equipment/neck/collar-carved-bone-teeth-ring.webp",
      "ownership": {
        "fnbYkpHtl1fog06u": "0",
        "TKTuPaWmviyTg5nq": "0",
        "ffm0hg4Ag7AxYV9M": "0",
        "mT0BpCNV1QD6le32": "0",
        "yPjxt8T9laEdUk5W": "0",
        "qvjyllfbPM1W0Emi": "0"
      }
    },
    {
      "name": "Totem",
      "time": null,
      "macroName": "WoodWorkingCheck",
      "ingredientsInspection": "0",
      "productInspection": "0",
      "description": "",
      "tools": "",
      "ingredients": [
        {
          "name": null,
          "components": [
            {
              "uuid": "Compendium.crafting-gathering.Crafting Ingredients.SlrKwrzCfrarDRah",
              "quantity": 1,
              "name": "Hickory"
            }
          ]
        }
      ],
      "products": [
        {
          "name": null,
          "components": [
            {
              "uuid": "Compendium.dnd5e.items.PGL6aaM0wE5h0VN5",
              "quantity": 1,
              "name": "Totem"
            }
          ]
        }
      ],
      "img": "icons/equipment/neck/collar-carved-bone-teeth-ring.webp",
      "ownership": {
        "fnbYkpHtl1fog06u": "0",
        "TKTuPaWmviyTg5nq": "0",
        "ffm0hg4Ag7AxYV9M": "0",
        "mT0BpCNV1QD6le32": "0",
        "yPjxt8T9laEdUk5W": "0",
        "qvjyllfbPM1W0Emi": "0"
      }
    },
    {
      "name": "Wooden Staff",
      "time": null,
      "macroName": "WoodWorkingCheck",
      "ingredientsInspection": "0",
      "productInspection": "0",
      "description": "",
      "tools": "",
      "ingredients": [
        {
          "name": null,
          "components": [
            {
              "uuid": "Compendium.crafting-gathering.Crafting Ingredients.DxmJcsvWKDrUlVSP",
              "quantity": 1,
              "name": "Ash"
            }
          ]
        }
      ],
      "products": [
        {
          "name": null,
          "components": [
            {
              "uuid": "Compendium.dnd5e.items.FF1ktpb2YSiyv896",
              "quantity": 1,
              "name": "Wooden Staff"
            }
          ]
        }
      ],
      "img": "icons/weapons/staves/staff-simple-spiral-green.webp",
      "ownership": {
        "fnbYkpHtl1fog06u": "0",
        "TKTuPaWmviyTg5nq": "0",
        "ffm0hg4Ag7AxYV9M": "0",
        "mT0BpCNV1QD6le32": "0",
        "yPjxt8T9laEdUk5W": "0",
        "qvjyllfbPM1W0Emi": "0"
      }
    },
    {
      "name": "Yew Wand",
      "time": null,
      "macroName": "WoodWorkingCheck",
      "ingredientsInspection": "0",
      "productInspection": "0",
      "description": "",
      "tools": "",
      "ingredients": [
        {
          "name": null,
          "components": [
            {
              "uuid": "Compendium.crafting-gathering.Crafting Ingredients.SlrKwrzCfrarDRah",
              "quantity": 1,
              "name": "Hickory"
            }
          ]
        }
      ],
      "products": [
        {
          "name": null,
          "components": [
            {
              "uuid": "Compendium.dnd5e.items.t5yP0d7YaKwuKKiH",
              "quantity": 1,
              "name": "Yew Wand"
            }
          ]
        }
      ],
      "img": "icons/weapons/staves/staff-simple-brown.webp",
      "ownership": {
        "fnbYkpHtl1fog06u": "0",
        "TKTuPaWmviyTg5nq": "0",
        "ffm0hg4Ag7AxYV9M": "0",
        "mT0BpCNV1QD6le32": "0",
        "yPjxt8T9laEdUk5W": "0",
        "qvjyllfbPM1W0Emi": "0"
      }
    },
    {
      "name": "Barrel",
      "time": null,
      "macroName": "WoodWorkingCheck",
      "ingredientsInspection": "0",
      "productInspection": "0",
      "description": "",
      "tools": "",
      "ingredients": [
        {
          "name": null,
          "components": [
            {
              "uuid": "Compendium.crafting-gathering.Crafting Ingredients.eXlVnaYxRxT9hToh",
              "quantity": "2",
              "name": "White Ash"
            }
          ]
        }
      ],
      "products": [
        {
          "name": null,
          "components": [
            {
              "uuid": "Compendium.crafting-gathering.Crafting Results.C6zY9YaV46eLZymk",
              "quantity": 1,
              "name": "Barrel"
            }
          ]
        }
      ],
      "img": "icons/containers/barrels/barrel-walnut-steel-brown.webp",
      "ownership": {
        "fnbYkpHtl1fog06u": "0",
        "TKTuPaWmviyTg5nq": "0",
        "ffm0hg4Ag7AxYV9M": "0",
        "mT0BpCNV1QD6le32": "0",
        "yPjxt8T9laEdUk5W": "0",
        "qvjyllfbPM1W0Emi": "0"
      }
    },
    {
      "name": "Basket",
      "time": null,
      "macroName": "WoodWorkingCheck",
      "ingredientsInspection": "0",
      "productInspection": "0",
      "description": "",
      "tools": "",
      "ingredients": [
        {
          "name": null,
          "components": [
            {
              "uuid": "Compendium.crafting-gathering.Crafting Ingredients.mWmvAA6ppNsExztk",
              "quantity": "2",
              "name": "Spruce"
            }
          ]
        }
      ],
      "products": [
        {
          "name": null,
          "components": [
            {
              "uuid": "Compendium.crafting-gathering.Crafting Results.8NYZMudPyOMalkpP",
              "quantity": 1,
              "name": "Basket"
            }
          ]
        }
      ],
      "img": "icons/environment/traps/cage-simple-wood.webp",
      "ownership": {
        "fnbYkpHtl1fog06u": "0",
        "TKTuPaWmviyTg5nq": "0",
        "ffm0hg4Ag7AxYV9M": "0",
        "mT0BpCNV1QD6le32": "0",
        "yPjxt8T9laEdUk5W": "0",
        "qvjyllfbPM1W0Emi": "0"
      }
    },
    {
      "name": "Block and Tackle",
      "time": null,
      "macroName": "WoodWorkingCheck",
      "ingredientsInspection": "0",
      "productInspection": "0",
      "description": "",
      "tools": "",
      "ingredients": [
        {
          "name": null,
          "components": [
            {
              "uuid": "Compendium.crafting-gathering.Crafting Ingredients.SlrKwrzCfrarDRah",
              "quantity": 1,
              "name": "Hickory"
            }
          ]
        }
      ],
      "products": [
        {
          "name": null,
          "components": [
            {
              "uuid": "Compendium.dnd5e.items.jlI44g90pp4VazBU",
              "quantity": 1,
              "name": "Block and Tackle"
            }
          ]
        }
      ],
      "img": "icons/weapons/sickles/sickle-hooked-wood.webp",
      "ownership": {
        "fnbYkpHtl1fog06u": "0",
        "TKTuPaWmviyTg5nq": "0",
        "ffm0hg4Ag7AxYV9M": "0",
        "mT0BpCNV1QD6le32": "0",
        "yPjxt8T9laEdUk5W": "0",
        "qvjyllfbPM1W0Emi": "0"
      }
    },
    {
      "name": "Bucket",
      "time": null,
      "macroName": "WoodWorkingCheck",
      "ingredientsInspection": "0",
      "productInspection": "0",
      "description": "",
      "tools": "",
      "ingredients": [
        {
          "name": null,
          "components": [
            {
              "uuid": "Compendium.crafting-gathering.Crafting Ingredients.DxmJcsvWKDrUlVSP",
              "quantity": 1,
              "name": "Ash"
            }
          ]
        }
      ],
      "products": [
        {
          "name": null,
          "components": [
            {
              "uuid": "Compendium.crafting-gathering.Crafting Results.W06P9Ir2I9HjdOUr",
              "quantity": 1,
              "name": "Bucket"
            }
          ]
        }
      ],
      "img": "icons/containers/kitchenware/mug-steel-wood-brown.webp",
      "ownership": {
        "fnbYkpHtl1fog06u": "0",
        "TKTuPaWmviyTg5nq": "0",
        "ffm0hg4Ag7AxYV9M": "0",
        "mT0BpCNV1QD6le32": "0",
        "yPjxt8T9laEdUk5W": "0",
        "qvjyllfbPM1W0Emi": "0"
      }
    },
    {
      "name": "Crossbow Bolt Case",
      "time": null,
      "macroName": "WoodWorkingCheck",
      "ingredientsInspection": "0",
      "productInspection": "0",
      "description": "",
      "tools": "",
      "ingredients": [
        {
          "name": null,
          "components": [
            {
              "uuid": "Compendium.crafting-gathering.Crafting Ingredients.SlrKwrzCfrarDRah",
              "quantity": 1,
              "name": "Hickory"
            }
          ]
        }
      ],
      "products": [
        {
          "name": null,
          "components": [
            {
              "uuid": "Compendium.crafting-gathering.Crafting Results.gkDFR8p4gYYtZHNu",
              "quantity": 1,
              "name": "Crossbow Bolt Case"
            }
          ]
        }
      ],
      "img": "icons/containers/ammunition/arrows-quiver-black.webp",
      "ownership": {
        "fnbYkpHtl1fog06u": "0",
        "TKTuPaWmviyTg5nq": "0",
        "ffm0hg4Ag7AxYV9M": "0",
        "mT0BpCNV1QD6le32": "0",
        "yPjxt8T9laEdUk5W": "0",
        "qvjyllfbPM1W0Emi": "0"
      }
    },
    {
      "name": "Map Case",
      "time": null,
      "macroName": "WoodWorkingCheck",
      "ingredientsInspection": "0",
      "productInspection": "0",
      "description": "",
      "tools": "",
      "ingredients": [
        {
          "name": null,
          "components": [
            {
              "uuid": "Compendium.crafting-gathering.Crafting Ingredients.SlrKwrzCfrarDRah",
              "quantity": 1,
              "name": "Hickory"
            }
          ]
        }
      ],
      "products": [
        {
          "name": null,
          "components": [
            {
              "uuid": "Compendium.crafting-gathering.Crafting Results.ovSu6Ux4NtXknK5k",
              "quantity": 1,
              "name": "Map Case"
            }
          ]
        }
      ],
      "img": "icons/containers/bags/case-leather-tan.webp",
      "ownership": {
        "fnbYkpHtl1fog06u": "0",
        "TKTuPaWmviyTg5nq": "0",
        "ffm0hg4Ag7AxYV9M": "0",
        "mT0BpCNV1QD6le32": "0",
        "yPjxt8T9laEdUk5W": "0",
        "qvjyllfbPM1W0Emi": "0"
      }
    },
    {
      "name": "Scroll Case",
      "time": null,
      "macroName": "WoodWorkingCheck",
      "ingredientsInspection": "0",
      "productInspection": "0",
      "description": "",
      "tools": "",
      "ingredients": [
        {
          "name": null,
          "components": [
            {
              "uuid": "Compendium.crafting-gathering.Crafting Ingredients.SlrKwrzCfrarDRah",
              "quantity": 1,
              "name": "Hickory"
            }
          ]
        }
      ],
      "products": [
        {
          "name": null,
          "components": [
            {
              "uuid": "Compendium.crafting-gathering.Crafting Results.CzvgkDejaUevxa4v",
              "quantity": 1,
              "name": "Scroll Case"
            }
          ]
        }
      ],
      "img": "icons/containers/bags/case-scroll-leather-tan.webp",
      "ownership": {
        "fnbYkpHtl1fog06u": "0",
        "TKTuPaWmviyTg5nq": "0",
        "ffm0hg4Ag7AxYV9M": "0",
        "mT0BpCNV1QD6le32": "0",
        "yPjxt8T9laEdUk5W": "0",
        "qvjyllfbPM1W0Emi": "0"
      }
    },
    {
      "name": "Chest",
      "time": null,
      "macroName": "WoodWorkingCheck",
      "ingredientsInspection": "0",
      "productInspection": "0",
      "description": "",
      "tools": "",
      "ingredients": [
        {
          "name": null,
          "components": [
            {
              "uuid": "Compendium.crafting-gathering.Crafting Ingredients.f1ln1CcEEsOeYn6r",
              "quantity": 1,
              "name": "Kingswood"
            }
          ]
        }
      ],
      "products": [
        {
          "name": null,
          "components": [
            {
              "uuid": "Compendium.dnd5e.items.2YbuclKfhDL0bU4u",
              "quantity": 1,
              "name": "Chest"
            }
          ]
        }
      ],
      "img": "icons/containers/chest/chest-reinforced-steel-walnut-brown.webp",
      "ownership": {
        "fnbYkpHtl1fog06u": "0",
        "TKTuPaWmviyTg5nq": "0",
        "ffm0hg4Ag7AxYV9M": "0",
        "mT0BpCNV1QD6le32": "0",
        "yPjxt8T9laEdUk5W": "0",
        "qvjyllfbPM1W0Emi": "0"
      }
    },
    {
      "name": "Ladder",
      "time": null,
      "macroName": "WoodWorkingCheck",
      "ingredientsInspection": "0",
      "productInspection": "0",
      "description": "",
      "tools": "",
      "ingredients": [
        {
          "name": null,
          "components": [
            {
              "uuid": "Compendium.crafting-gathering.Crafting Ingredients.A9yxFLUsfP1cFOGJ",
              "quantity": 1,
              "name": "Cherry"
            }
          ]
        }
      ],
      "products": [
        {
          "name": null,
          "components": [
            {
              "uuid": "Compendium.dnd5e.items.eQTKbhnpkrtXUfwN",
              "quantity": 1,
              "name": "Ladder (10-foot)"
            }
          ]
        }
      ],
      "img": "icons/sundries/misc/ladder-improvised.webp",
      "ownership": {
        "fnbYkpHtl1fog06u": "0",
        "TKTuPaWmviyTg5nq": "0",
        "ffm0hg4Ag7AxYV9M": "0",
        "mT0BpCNV1QD6le32": "0",
        "yPjxt8T9laEdUk5W": "0",
        "qvjyllfbPM1W0Emi": "0"
      }
    },
    {
      "name": "Pole",
      "time": null,
      "macroName": "WoodWorkingCheck",
      "ingredientsInspection": "0",
      "productInspection": "0",
      "description": "",
      "tools": "",
      "ingredients": [
        {
          "name": null,
          "components": [
            {
              "uuid": "Compendium.crafting-gathering.Crafting Ingredients.DxmJcsvWKDrUlVSP",
              "quantity": 1,
              "name": "Ash"
            }
          ]
        }
      ],
      "products": [
        {
          "name": null,
          "components": [
            {
              "uuid": "Compendium.dnd5e.items.tut1jbW3UCsrUjCG",
              "quantity": 1,
              "name": "Pole"
            }
          ]
        }
      ],
      "img": "icons/commodities/wood/wood-pole.webp",
      "ownership": {
        "fnbYkpHtl1fog06u": "0",
        "TKTuPaWmviyTg5nq": "0",
        "ffm0hg4Ag7AxYV9M": "0",
        "mT0BpCNV1QD6le32": "0",
        "yPjxt8T9laEdUk5W": "0",
        "qvjyllfbPM1W0Emi": "0"
      }
    },
    {
      "name": "Tinderbox",
      "time": null,
      "macroName": "WoodWorkingCheck",
      "ingredientsInspection": "0",
      "productInspection": "0",
      "description": "",
      "tools": "",
      "ingredients": [
        {
          "name": null,
          "components": [
            {
              "uuid": "Compendium.crafting-gathering.Crafting Ingredients.cDVrLlNPY3I0WPBC",
              "quantity": 1,
              "name": "Maple"
            }
          ]
        }
      ],
      "products": [
        {
          "name": null,
          "components": [
            {
              "uuid": "Compendium.dnd5e.items.DNOSEAvF4Oh1DlWy",
              "quantity": 1,
              "name": "Tinderbox"
            }
          ]
        }
      ],
      "img": "icons/sundries/lights/torch-black.webp",
      "ownership": {
        "fnbYkpHtl1fog06u": "0",
        "TKTuPaWmviyTg5nq": "0",
        "ffm0hg4Ag7AxYV9M": "0",
        "mT0BpCNV1QD6le32": "0",
        "yPjxt8T9laEdUk5W": "0",
        "qvjyllfbPM1W0Emi": "0"
      }
    },
    {
      "name": "Torch",
      "time": null,
      "macroName": "WoodWorkingCheck",
      "ingredientsInspection": "0",
      "productInspection": "0",
      "description": "",
      "tools": "",
      "ingredients": [
        {
          "name": null,
          "components": [
            {
              "uuid": "Compendium.crafting-gathering.Crafting Ingredients.mL1y6QpLkk7gEUDo",
              "quantity": 1,
              "name": "Pine"
            }
          ]
        }
      ],
      "products": [
        {
          "name": null,
          "components": [
            {
              "uuid": "Compendium.dnd5e.items.BnOCLuNWhVvzHLjl",
              "quantity": "5",
              "name": "Torch"
            }
          ]
        }
      ],
      "img": "icons/sundries/lights/torch-black.webp",
      "ownership": {
        "fnbYkpHtl1fog06u": "0",
        "TKTuPaWmviyTg5nq": "0",
        "ffm0hg4Ag7AxYV9M": "0",
        "mT0BpCNV1QD6le32": "0",
        "yPjxt8T9laEdUk5W": "0",
        "qvjyllfbPM1W0Emi": "0"
      }
    }
  ],
  "img": "icons/sundries/books/book-worn-brown-grey.webp",
  "documentName": "RecipeBook"
}