{
  "name": "Glassblower",
  "description": "",
  "ownership": {
    "fnbYkpHtl1fog06u": "2",
    "TKTuPaWmviyTg5nq": "2",
    "ffm0hg4Ag7AxYV9M": "2",
    "mT0BpCNV1QD6le32": "2",
    "yPjxt8T9laEdUk5W": "2",
    "qvjyllfbPM1W0Emi": "2"
  },
  "tools": "Glassblower's Tools",
  "ingredientsInspection": "1",
  "productInspection": "1",
  "recipes": [
    {
      "name": "Flask",
      "time": null,
      "macroName": "GlassblowerCheck",
      "ingredientsInspection": "0",
      "productInspection": "0",
      "description": "",
      "tools": "",
      "ingredients": [
        {
          "name": null,
          "components": [
            {
              "uuid": "Compendium.crafting-gathering.Crafting Ingredients.7pK8sunRFWOnkVmM",
              "quantity": 1,
              "name": "Sandstone"
            }
          ]
        }
      ],
      "products": [
        {
          "name": null,
          "components": [
            {
              "uuid": "Compendium.crafting-gathering.Crafting Results.sAoLD7LVpAbggx6h",
              "quantity": 1,
              "name": "Flask"
            }
          ]
        }
      ],
      "img": "icons/consumables/drinks/tea-jug-gourd-brown.webp",
      "ownership": {
        "fnbYkpHtl1fog06u": "0",
        "TKTuPaWmviyTg5nq": "0",
        "ffm0hg4Ag7AxYV9M": "0",
        "mT0BpCNV1QD6le32": "0",
        "yPjxt8T9laEdUk5W": "0",
        "qvjyllfbPM1W0Emi": "0"
      }
    },
    {
      "name": "Glass Bottle",
      "time": null,
      "macroName": "GlassblowerCheck",
      "ingredientsInspection": "0",
      "productInspection": "0",
      "description": "",
      "tools": "",
      "ingredients": [
        {
          "name": null,
          "components": [
            {
              "uuid": "Compendium.crafting-gathering.Crafting Ingredients.h1XXzjaOM8X0GUX8",
              "quantity": 1,
              "name": "Quartz Pebbles"
            }
          ]
        }
      ],
      "products": [
        {
          "name": null,
          "components": [
            {
              "uuid": "Compendium.crafting-gathering.Crafting Results.e1tP0AxJTAteADDa",
              "quantity": 1,
              "name": "Glass Bottle"
            }
          ]
        }
      ],
      "img": "icons/consumables/potions/bottle-bulb-empty-glass.webp",
      "ownership": {
        "fnbYkpHtl1fog06u": "0",
        "TKTuPaWmviyTg5nq": "0",
        "ffm0hg4Ag7AxYV9M": "0",
        "mT0BpCNV1QD6le32": "0",
        "yPjxt8T9laEdUk5W": "0",
        "qvjyllfbPM1W0Emi": "0"
      }
    },
    {
      "name": "Hourglass",
      "time": null,
      "macroName": "GlassblowerCheck",
      "ingredientsInspection": "0",
      "productInspection": "0",
      "description": "",
      "tools": "",
      "ingredients": [
        {
          "name": null,
          "components": [
            {
              "uuid": "Compendium.crafting-gathering.Crafting Ingredients.xaR7darnfjYx5mxw",
              "quantity": 1,
              "name": "Gleaming Sandstone"
            }
          ]
        }
      ],
      "products": [
        {
          "name": null,
          "components": [
            {
              "uuid": "Compendium.dnd5e.items.G7LqGzKR5ts0WlJ9",
              "quantity": 1,
              "name": "Hourglass"
            }
          ]
        }
      ],
      "img": "icons/tools/navigation/hourglass-grey.webp",
      "ownership": {
        "fnbYkpHtl1fog06u": "0",
        "TKTuPaWmviyTg5nq": "0",
        "ffm0hg4Ag7AxYV9M": "0",
        "mT0BpCNV1QD6le32": "0",
        "yPjxt8T9laEdUk5W": "0",
        "qvjyllfbPM1W0Emi": "0"
      }
    },
    {
      "name": "Magnifying Glass",
      "time": null,
      "macroName": "GlassblowerCheck",
      "ingredientsInspection": "0",
      "productInspection": "0",
      "description": "",
      "tools": "",
      "ingredients": [
        {
          "name": null,
          "components": [
            {
              "uuid": "Compendium.crafting-gathering.Crafting Ingredients.owhPJwnnscJRj9rg",
              "quantity": 1,
              "name": "Pristine Quartz Pebbles"
            }
          ]
        }
      ],
      "products": [
        {
          "name": null,
          "components": [
            {
              "uuid": "Compendium.dnd5e.items.PV0sn2Nlr8CNn4W9",
              "quantity": 1,
              "name": "Magnifying Glass"
            }
          ]
        }
      ],
      "img": "icons/tools/scribal/magnifying-glass.webp",
      "ownership": {
        "fnbYkpHtl1fog06u": "0",
        "TKTuPaWmviyTg5nq": "0",
        "ffm0hg4Ag7AxYV9M": "0",
        "mT0BpCNV1QD6le32": "0",
        "yPjxt8T9laEdUk5W": "0",
        "qvjyllfbPM1W0Emi": "0"
      }
    },
    {
      "name": "Spyglass",
      "time": null,
      "macroName": "GlassblowerCheck",
      "ingredientsInspection": "0",
      "productInspection": "0",
      "description": "",
      "tools": "",
      "ingredients": [
        {
          "name": null,
          "components": [
            {
              "uuid": "Compendium.crafting-gathering.Crafting Ingredients.p0zzxq9FowucL7qN",
              "quantity": 1,
              "name": "Shimmering Sandstone"
            }
          ]
        }
      ],
      "products": [
        {
          "name": null,
          "components": [
            {
              "uuid": "Compendium.dnd5e.items.WCafDVKITxwnlf2x",
              "quantity": 1,
              "name": "Spyglass"
            }
          ]
        }
      ],
      "img": "icons/tools/navigation/spyglass-telescope-brass.webp",
      "ownership": {
        "fnbYkpHtl1fog06u": "0",
        "TKTuPaWmviyTg5nq": "0",
        "ffm0hg4Ag7AxYV9M": "0",
        "mT0BpCNV1QD6le32": "0",
        "yPjxt8T9laEdUk5W": "0",
        "qvjyllfbPM1W0Emi": "0"
      }
    },
    {
      "name": "Tankard",
      "time": null,
      "macroName": "GlassblowerCheck",
      "ingredientsInspection": "0",
      "productInspection": "0",
      "description": "",
      "tools": "",
      "ingredients": [
        {
          "name": null,
          "components": [
            {
              "uuid": "Compendium.crafting-gathering.Crafting Ingredients.7pK8sunRFWOnkVmM",
              "quantity": 1,
              "name": "Sandstone"
            }
          ]
        }
      ],
      "products": [
        {
          "name": null,
          "components": [
            {
              "uuid": "Compendium.crafting-gathering.Crafting Results.amWFZktuy5SSYx7J",
              "quantity": 1,
              "name": "Tankard"
            }
          ]
        }
      ],
      "img": "icons/containers/kitchenware/mug-steel-wood-brown.webp",
      "ownership": {
        "fnbYkpHtl1fog06u": "0",
        "TKTuPaWmviyTg5nq": "0",
        "ffm0hg4Ag7AxYV9M": "0",
        "mT0BpCNV1QD6le32": "0",
        "yPjxt8T9laEdUk5W": "0",
        "qvjyllfbPM1W0Emi": "0"
      }
    },
    {
      "name": "Vial",
      "time": null,
      "macroName": "GlassblowerCheck",
      "ingredientsInspection": "0",
      "productInspection": "0",
      "description": "",
      "tools": "",
      "ingredients": [
        {
          "name": null,
          "components": [
            {
              "uuid": "Compendium.crafting-gathering.Crafting Ingredients.3xeUqutkYuEETLYV",
              "quantity": 1,
              "name": "Evermore Sandstone"
            }
          ]
        }
      ],
      "products": [
        {
          "name": null,
          "components": [
            {
              "uuid": "Compendium.crafting-gathering.Crafting Results.cSMnZheuGDnexpDX",
              "quantity": 1,
              "name": "Vial"
            }
          ]
        }
      ],
      "img": "icons/consumables/potions/bottle-bulb-empty-glass.webp",
      "ownership": {
        "fnbYkpHtl1fog06u": "0",
        "TKTuPaWmviyTg5nq": "0",
        "ffm0hg4Ag7AxYV9M": "0",
        "mT0BpCNV1QD6le32": "0",
        "yPjxt8T9laEdUk5W": "0",
        "qvjyllfbPM1W0Emi": "0"
      }
    }
  ],
  "img": "icons/sundries/books/book-worn-brown-grey.webp",
  "documentName": "RecipeBook"
}