{
  "name": "Poisoner",
  "description": "",
  "ownership": {
    "fnbYkpHtl1fog06u": "2",
    "TKTuPaWmviyTg5nq": "2",
    "ffm0hg4Ag7AxYV9M": "1",
    "mT0BpCNV1QD6le32": "2",
    "yPjxt8T9laEdUk5W": "2",
    "qvjyllfbPM1W0Emi": "1"
  },
  "tools": "Poisoner's Kit",
  "ingredientsInspection": "1",
  "productInspection": "1",
  "recipes": [
    {
      "name": "Basic Poison",
      "time": null,
      "macroName": "PoisonerCheck",
      "ingredientsInspection": "0",
      "productInspection": "0",
      "description": "",
      "tools": "",
      "ingredients": [
        {
          "name": null,
          "components": [
            {
              "uuid": "Compendium.crafting-gathering.Crafting Ingredients.3jFw715cW4xnQ7o5",
              "quantity": 1,
              "name": "Earthbloom"
            }
          ]
        },
        {
          "name": null,
          "components": [
            {
              "uuid": "Item.Ql64jqElBNGf5jfT",
              "quantity": 1,
              "name": "Vial"
            }
          ]
        }
      ],
      "products": [
        {
          "name": null,
          "components": [
            {
              "uuid": "Compendium.dnd5e.items.eVbPkYjpl29RE2uW",
              "quantity": 1,
              "name": "Basic Poison"
            }
          ]
        }
      ],
      "img": "icons/consumables/potions/potion-bottle-skull-label-poison-teal.webp",
      "ownership": {
        "fnbYkpHtl1fog06u": "0",
        "TKTuPaWmviyTg5nq": "0",
        "ffm0hg4Ag7AxYV9M": "0",
        "mT0BpCNV1QD6le32": "0",
        "yPjxt8T9laEdUk5W": "0",
        "qvjyllfbPM1W0Emi": "0"
      }
    },
    {
      "name": "Potion of Poison",
      "time": null,
      "macroName": "PoisonerCheck",
      "ingredientsInspection": "0",
      "productInspection": "0",
      "description": "",
      "tools": "",
      "ingredients": [
        {
          "name": null,
          "components": [
            {
              "uuid": "Compendium.crafting-gathering.Crafting Ingredients.KEwnZafNmZUAGvLC",
              "quantity": 1,
              "name": "Earthroot"
            }
          ]
        },
        {
          "name": null,
          "components": [
            {
              "uuid": "Item.BtCrqP8WCpl456Mb",
              "quantity": 1,
              "name": "Potion of Healing"
            }
          ]
        },
        {
          "name": null,
          "components": [
            {
              "uuid": "Item.Ql64jqElBNGf5jfT",
              "quantity": 1,
              "name": "Vial"
            }
          ]
        }
      ],
      "products": [
        {
          "name": null,
          "components": [
            {
              "uuid": "Compendium.world.ddb-tims_world_v3-ddb-items.Zx1NEBuSHSuW5J2k",
              "quantity": 1,
              "name": "Potion of Poison"
            }
          ]
        }
      ],
      "img": "icons/consumables/potions/potion-bottle-skull-label-poison-teal.webp",
      "ownership": {
        "fnbYkpHtl1fog06u": "0",
        "TKTuPaWmviyTg5nq": "0",
        "ffm0hg4Ag7AxYV9M": "0",
        "mT0BpCNV1QD6le32": "0",
        "yPjxt8T9laEdUk5W": "0",
        "qvjyllfbPM1W0Emi": "0"
      }
    },
    {
      "name": "Assassin's Blood (Ingested)",
      "time": null,
      "macroName": "PoisonerCheck",
      "ingredientsInspection": "0",
      "productInspection": "0",
      "description": "",
      "tools": "",
      "ingredients": [
        {
          "name": null,
          "components": [
            {
              "uuid": "Compendium.crafting-gathering.Crafting Ingredients.t00PlIVXvd1KA6lL",
              "quantity": 1,
              "name": "Bloodweed"
            }
          ]
        },
        {
          "name": null,
          "components": [
            {
              "uuid": "Item.Ql64jqElBNGf5jfT",
              "quantity": 1,
              "name": "Vial"
            }
          ]
        }
      ],
      "products": [
        {
          "name": null,
          "components": [
            {
              "uuid": "Compendium.world.ddb-tims_world_v3-ddb-items.9MIN7n4exrrU3Deo",
              "quantity": 1,
              "name": "Assassin's Blood (Ingested)"
            }
          ]
        }
      ],
      "img": "icons/consumables/potions/potion-tube-corked-red.webp",
      "ownership": {
        "fnbYkpHtl1fog06u": "0",
        "TKTuPaWmviyTg5nq": "0",
        "ffm0hg4Ag7AxYV9M": "0",
        "mT0BpCNV1QD6le32": "0",
        "yPjxt8T9laEdUk5W": "0",
        "qvjyllfbPM1W0Emi": "0"
      }
    },
    {
      "name": "Truth Serum",
      "time": null,
      "macroName": "PoisonerCheck",
      "ingredientsInspection": "0",
      "productInspection": "0",
      "description": "",
      "tools": "",
      "ingredients": [
        {
          "name": null,
          "components": [
            {
              "uuid": "Compendium.crafting-gathering.Crafting Ingredients.BdgqbCq2l86cGbJV",
              "quantity": 1,
              "name": "Khagara's Whisker"
            }
          ]
        },
        {
          "name": null,
          "components": [
            {
              "uuid": "Item.Ql64jqElBNGf5jfT",
              "quantity": 1,
              "name": "Vial"
            }
          ]
        }
      ],
      "products": [
        {
          "name": null,
          "components": [
            {
              "uuid": "Compendium.world.ddb-tims_world_v3-ddb-items.FwtigXzSXXaKKPmf",
              "quantity": 1,
              "name": "Truth Serum (Ingested)"
            }
          ]
        }
      ],
      "img": "icons/consumables/potions/potion-flask-corked-blue.webp",
      "ownership": {
        "fnbYkpHtl1fog06u": "0",
        "TKTuPaWmviyTg5nq": "0",
        "ffm0hg4Ag7AxYV9M": "0",
        "mT0BpCNV1QD6le32": "0",
        "yPjxt8T9laEdUk5W": "0",
        "qvjyllfbPM1W0Emi": "0"
      }
    },
    {
      "name": "Crawler Mucus (Contact)",
      "time": null,
      "macroName": "PoisonerCheck",
      "ingredientsInspection": "0",
      "productInspection": "0",
      "description": "",
      "tools": "",
      "ingredients": [
        {
          "name": null,
          "components": [
            {
              "uuid": "Compendium.crafting-gathering.Crafting Ingredients.DqWcu8KdMtEuJZPt",
              "quantity": 1,
              "name": "Crawler Mucus (Raw)"
            }
          ]
        },
        {
          "name": null,
          "components": [
            {
              "uuid": "Item.Ql64jqElBNGf5jfT",
              "quantity": 1,
              "name": "Vial"
            }
          ]
        }
      ],
      "products": [
        {
          "name": null,
          "components": [
            {
              "uuid": "Compendium.world.ddb-tims_world_v3-ddb-items.4M5POIJBEKNLDxYP",
              "quantity": 1,
              "name": "Crawler Mucus (Contact)"
            }
          ]
        }
      ],
      "img": "icons/commodities/materials/slime-brown.webp",
      "ownership": {
        "fnbYkpHtl1fog06u": "0",
        "TKTuPaWmviyTg5nq": "0",
        "ffm0hg4Ag7AxYV9M": "0",
        "mT0BpCNV1QD6le32": "0",
        "yPjxt8T9laEdUk5W": "0",
        "qvjyllfbPM1W0Emi": "0"
      }
    },
    {
      "name": "Drow Poison (Injury)",
      "time": null,
      "macroName": "PoisonerCheck",
      "ingredientsInspection": "0",
      "productInspection": "0",
      "description": "",
      "tools": "",
      "ingredients": [
        {
          "name": null,
          "components": [
            {
              "uuid": "Compendium.crafting-gathering.Crafting Ingredients.uFb6nnUDbjkZiqHI",
              "quantity": 1,
              "name": "Fadethorn"
            }
          ]
        },
        {
          "name": null,
          "components": [
            {
              "uuid": "Item.Ql64jqElBNGf5jfT",
              "quantity": 1,
              "name": "Vial"
            }
          ]
        }
      ],
      "products": [
        {
          "name": null,
          "components": [
            {
              "uuid": "Compendium.world.ddb-tims_world_v3-ddb-items.D7suCIdV6810584O",
              "quantity": 1,
              "name": "Drow Poison (Injury)"
            }
          ]
        }
      ],
      "img": "icons/consumables/potions/potion-tube-corked-bubbling-green.webp",
      "ownership": {
        "fnbYkpHtl1fog06u": "2",
        "TKTuPaWmviyTg5nq": "2",
        "ffm0hg4Ag7AxYV9M": "2",
        "mT0BpCNV1QD6le32": "2",
        "yPjxt8T9laEdUk5W": "2",
        "qvjyllfbPM1W0Emi": "0"
      }
    },
    {
      "name": "Serpent Venom (Injury)",
      "time": null,
      "macroName": "PoisonerCheck",
      "ingredientsInspection": "0",
      "productInspection": "0",
      "description": "",
      "tools": "",
      "ingredients": [
        {
          "name": null,
          "components": [
            {
              "uuid": "Compendium.crafting-gathering.Crafting Ingredients.F41ZA9zPwdSQUu7P",
              "quantity": 1,
              "name": "Serpent Venom (Raw)"
            }
          ]
        },
        {
          "name": null,
          "components": [
            {
              "uuid": "Item.Ql64jqElBNGf5jfT",
              "quantity": 1,
              "name": "Vial"
            }
          ]
        }
      ],
      "products": [
        {
          "name": null,
          "components": [
            {
              "uuid": "Compendium.world.ddb-tims_world_v3-ddb-items.OYeMcFh5t32h89eo",
              "quantity": 1,
              "name": "Serpent Venom (Injury)"
            }
          ]
        }
      ],
      "img": "icons/consumables/potions/potion-tube-corked-blue.webp",
      "ownership": {
        "fnbYkpHtl1fog06u": "0",
        "TKTuPaWmviyTg5nq": "0",
        "ffm0hg4Ag7AxYV9M": "0",
        "mT0BpCNV1QD6le32": "0",
        "yPjxt8T9laEdUk5W": "0",
        "qvjyllfbPM1W0Emi": "0"
      }
    },
    {
      "name": "Malice (Inhaled)",
      "time": null,
      "macroName": "PoisonerCheck",
      "ingredientsInspection": "0",
      "productInspection": "0",
      "description": "",
      "tools": "",
      "ingredients": [
        {
          "name": null,
          "components": [
            {
              "uuid": "Compendium.crafting-gathering.Crafting Ingredients.BMMf6ZDMpU0yJxk4",
              "quantity": 1,
              "name": "Malice (Raw)"
            }
          ]
        },
        {
          "name": null,
          "components": [
            {
              "uuid": "Item.Ql64jqElBNGf5jfT",
              "quantity": 1,
              "name": "Vial"
            }
          ]
        }
      ],
      "products": [
        {
          "name": null,
          "components": [
            {
              "uuid": "Compendium.world.ddb-tims_world_v3-ddb-items.uvi4894qnIzhu39j",
              "quantity": 1,
              "name": "Malice (Inhaled)"
            }
          ]
        }
      ],
      "img": "icons/tools/laboratory/mortar-powder-green.webp",
      "ownership": {
        "fnbYkpHtl1fog06u": "0",
        "TKTuPaWmviyTg5nq": "0",
        "ffm0hg4Ag7AxYV9M": "0",
        "mT0BpCNV1QD6le32": "0",
        "yPjxt8T9laEdUk5W": "0",
        "qvjyllfbPM1W0Emi": "0"
      }
    },
    {
      "name": "Pale Tincture (Ingested)",
      "time": null,
      "macroName": "PoisonerCheck",
      "ingredientsInspection": "0",
      "productInspection": "0",
      "description": "",
      "tools": "",
      "ingredients": [
        {
          "name": null,
          "components": [
            {
              "uuid": "Compendium.crafting-gathering.Crafting Ingredients.pmmgsJ0inAitF5bh",
              "quantity": 1,
              "name": "Pale Tincture (Raw)"
            }
          ]
        },
        {
          "name": null,
          "components": [
            {
              "uuid": "Item.Ql64jqElBNGf5jfT",
              "quantity": 1,
              "name": "Vial"
            }
          ]
        }
      ],
      "products": [
        {
          "name": null,
          "components": [
            {
              "uuid": "Compendium.world.ddb-tims_world_v3-ddb-items.o0C9lbvga1zniplV",
              "quantity": 1,
              "name": "Pale Tincture (Ingested)"
            }
          ]
        }
      ],
      "img": "icons/consumables/potions/bottle-bulb-empty-glass.webp",
      "ownership": {
        "fnbYkpHtl1fog06u": "2",
        "TKTuPaWmviyTg5nq": "2",
        "ffm0hg4Ag7AxYV9M": "2",
        "mT0BpCNV1QD6le32": "2",
        "yPjxt8T9laEdUk5W": "2",
        "qvjyllfbPM1W0Emi": "0"
      }
    },
    {
      "name": "Essence of Ether (Inhaled)",
      "time": null,
      "macroName": "PoisonerCheck",
      "ingredientsInspection": "0",
      "productInspection": "0",
      "description": "",
      "tools": "",
      "ingredients": [
        {
          "name": null,
          "components": [
            {
              "uuid": "Compendium.crafting-gathering.Crafting Ingredients.5Ce2xFTg4ZNyDrvr",
              "quantity": 1,
              "name": "Ether"
            }
          ]
        },
        {
          "name": null,
          "components": [
            {
              "uuid": "Item.Ql64jqElBNGf5jfT",
              "quantity": 1,
              "name": "Vial"
            }
          ]
        }
      ],
      "products": [
        {
          "name": null,
          "components": [
            {
              "uuid": "Compendium.world.ddb-tims_world_v3-ddb-items.qxa2MTExmBrKItiD",
              "quantity": 1,
              "name": "Essence of Ether (Inhaled)"
            }
          ]
        }
      ],
      "img": "icons/commodities/materials/bowl-powder-grey.webp",
      "ownership": {
        "fnbYkpHtl1fog06u": "2",
        "TKTuPaWmviyTg5nq": "2",
        "ffm0hg4Ag7AxYV9M": "2",
        "mT0BpCNV1QD6le32": "2",
        "yPjxt8T9laEdUk5W": "2",
        "qvjyllfbPM1W0Emi": "0"
      }
    },
    {
      "name": "Oil of Taggit (Contact)",
      "time": null,
      "macroName": "PoisonerCheck",
      "ingredientsInspection": "0",
      "productInspection": "0",
      "description": "",
      "tools": "",
      "ingredients": [
        {
          "name": null,
          "components": [
            {
              "uuid": "Compendium.crafting-gathering.Crafting Ingredients.WXODYXeenZMbzWB8",
              "quantity": 1,
              "name": "Taggit"
            }
          ]
        },
        {
          "name": null,
          "components": [
            {
              "uuid": "Item.Ql64jqElBNGf5jfT",
              "quantity": 1,
              "name": "Vial"
            }
          ]
        }
      ],
      "products": [
        {
          "name": null,
          "components": [
            {
              "uuid": "Compendium.world.ddb-tims_world_v3-ddb-items.Wqu8JO25XjDe8pVg",
              "quantity": 1,
              "name": "Oil of Taggit (Contact)"
            }
          ]
        }
      ],
      "img": "icons/consumables/drinks/tea-jug-gourd-brown.webp",
      "ownership": {
        "fnbYkpHtl1fog06u": "2",
        "TKTuPaWmviyTg5nq": "2",
        "ffm0hg4Ag7AxYV9M": "2",
        "mT0BpCNV1QD6le32": "2",
        "yPjxt8T9laEdUk5W": "2",
        "qvjyllfbPM1W0Emi": "0"
      }
    },
    {
      "name": "Burnt Othur Fumes (Inhaled)",
      "time": null,
      "macroName": "PoisonerCheck",
      "ingredientsInspection": "0",
      "productInspection": "0",
      "description": "",
      "tools": "",
      "ingredients": [
        {
          "name": null,
          "components": [
            {
              "uuid": "Compendium.crafting-gathering.Crafting Ingredients.ERWgSIFIjdyftPpB",
              "quantity": 1,
              "name": "Othur"
            }
          ]
        },
        {
          "name": null,
          "components": [
            {
              "uuid": "Item.Ql64jqElBNGf5jfT",
              "quantity": 1,
              "name": "Vial"
            }
          ]
        }
      ],
      "products": [
        {
          "name": null,
          "components": [
            {
              "uuid": "Compendium.world.ddb-tims_world_v3-ddb-items.cOgeQAm2iYXyKZzX",
              "quantity": 1,
              "name": "Burnt Othur Fumes (Inhaled)"
            }
          ]
        }
      ],
      "img": "icons/consumables/potions/bottle-bulb-empty-glass.webp",
      "ownership": {
        "fnbYkpHtl1fog06u": "2",
        "TKTuPaWmviyTg5nq": "2",
        "ffm0hg4Ag7AxYV9M": "2",
        "mT0BpCNV1QD6le32": "2",
        "yPjxt8T9laEdUk5W": "2",
        "qvjyllfbPM1W0Emi": "0"
      }
    },
    {
      "name": "Torpor (Ingested)",
      "time": null,
      "macroName": "PoisonerCheck",
      "ingredientsInspection": "0",
      "productInspection": "0",
      "description": "",
      "tools": "",
      "ingredients": [
        {
          "name": null,
          "components": [
            {
              "uuid": "Compendium.crafting-gathering.Crafting Ingredients.FpNdh3UlfUymvL0R",
              "quantity": 1,
              "name": "Torpor (Raw)"
            }
          ]
        },
        {
          "name": null,
          "components": [
            {
              "uuid": "Item.Ql64jqElBNGf5jfT",
              "quantity": 1,
              "name": "Vial"
            }
          ]
        }
      ],
      "products": [
        {
          "name": null,
          "components": [
            {
              "uuid": "Compendium.world.ddb-tims_world_v3-ddb-items.ZB2sClbHK0MZpQGI",
              "quantity": 1,
              "name": "Torpor (Ingested)"
            }
          ]
        }
      ],
      "img": "icons/tools/laboratory/bowl-mixing.webp",
      "ownership": {
        "fnbYkpHtl1fog06u": "2",
        "TKTuPaWmviyTg5nq": "2",
        "ffm0hg4Ag7AxYV9M": "2",
        "mT0BpCNV1QD6le32": "2",
        "yPjxt8T9laEdUk5W": "2",
        "qvjyllfbPM1W0Emi": "0"
      }
    },
    {
      "name": "Wyvern Poison (injury)",
      "time": null,
      "macroName": "PoisonerCheck",
      "ingredientsInspection": "0",
      "productInspection": "0",
      "description": "",
      "tools": "",
      "ingredients": [
        {
          "name": null,
          "components": [
            {
              "uuid": "Compendium.crafting-gathering.Crafting Ingredients.uUJWCSUEyNbOAn39",
              "quantity": 1,
              "name": "Wyvern Blood"
            }
          ]
        },
        {
          "name": null,
          "components": [
            {
              "uuid": "Item.Ql64jqElBNGf5jfT",
              "quantity": 1,
              "name": "Vial"
            }
          ]
        }
      ],
      "products": [
        {
          "name": null,
          "components": [
            {
              "uuid": "Compendium.world.ddb-tims_world_v3-ddb-items.e8xYr6DaJmvNusOD",
              "quantity": 1,
              "name": "Wyvern Poison (Injury)"
            }
          ]
        }
      ],
      "img": "icons/consumables/potions/potion-vial-corked-labeled-purple.webp",
      "ownership": {
        "fnbYkpHtl1fog06u": "2",
        "TKTuPaWmviyTg5nq": "2",
        "ffm0hg4Ag7AxYV9M": "2",
        "mT0BpCNV1QD6le32": "2",
        "yPjxt8T9laEdUk5W": "2",
        "qvjyllfbPM1W0Emi": "0"
      }
    },
    {
      "name": "Midnight Tears (Ingested)",
      "time": null,
      "macroName": "PoisonerCheck",
      "ingredientsInspection": "0",
      "productInspection": "0",
      "description": "",
      "tools": "",
      "ingredients": [
        {
          "name": null,
          "components": [
            {
              "uuid": "Compendium.crafting-gathering.Crafting Ingredients.oo8XkNNv3E9rvnFX",
              "quantity": 1,
              "name": "Midnight Tears (Raw)"
            }
          ]
        },
        {
          "name": null,
          "components": [
            {
              "uuid": "Item.Ql64jqElBNGf5jfT",
              "quantity": 1,
              "name": "Vial"
            }
          ]
        }
      ],
      "products": [
        {
          "name": null,
          "components": [
            {
              "uuid": "Compendium.world.ddb-tims_world_v3-ddb-items.j9yHiIoQ3cpqLYeL",
              "quantity": 1,
              "name": "Midnight Tears (Ingested)"
            }
          ]
        }
      ],
      "img": "icons/consumables/potions/potion-bottle-skull-label-poison-teal.webp",
      "ownership": {
        "fnbYkpHtl1fog06u": "2",
        "TKTuPaWmviyTg5nq": "2",
        "ffm0hg4Ag7AxYV9M": "2",
        "mT0BpCNV1QD6le32": "2",
        "yPjxt8T9laEdUk5W": "2",
        "qvjyllfbPM1W0Emi": "0"
      }
    },
    {
      "name": "Purple Worm Poison (Injury)",
      "time": null,
      "macroName": "PoisonerCheck",
      "ingredientsInspection": "0",
      "productInspection": "0",
      "description": "",
      "tools": "",
      "ingredients": [
        {
          "name": null,
          "components": [
            {
              "uuid": "Compendium.crafting-gathering.Crafting Ingredients.6idAjVAk8WKNXfQe",
              "quantity": 1,
              "name": "Purple Worm Blood"
            }
          ]
        },
        {
          "name": null,
          "components": [
            {
              "uuid": "Item.Ql64jqElBNGf5jfT",
              "quantity": 1,
              "name": "Vial"
            }
          ]
        }
      ],
      "products": [
        {
          "name": null,
          "components": [
            {
              "uuid": "Compendium.world.ddb-tims_world_v3-ddb-items.AyRhuWzwoBdzpUag",
              "quantity": 1,
              "name": "Purple Worm Poison (Injury)"
            }
          ]
        }
      ],
      "img": "icons/consumables/potions/bottle-bulb-corked-labeled-blue.webp",
      "ownership": {
        "fnbYkpHtl1fog06u": "2",
        "TKTuPaWmviyTg5nq": "2",
        "ffm0hg4Ag7AxYV9M": "2",
        "mT0BpCNV1QD6le32": "2",
        "yPjxt8T9laEdUk5W": "2",
        "qvjyllfbPM1W0Emi": "0"
      }
    }
  ],
  "img": "icons/sundries/books/book-worn-brown-grey.webp",
  "documentName": "RecipeBook"
}