{
  "name": "Poisoner (VRGTR)",
  "description": "",
  "ownership": {
    "fnbYkpHtl1fog06u": "2",
    "TKTuPaWmviyTg5nq": "2",
    "ffm0hg4Ag7AxYV9M": "1",
    "mT0BpCNV1QD6le32": "2",
    "yPjxt8T9laEdUk5W": "2",
    "qvjyllfbPM1W0Emi": "1"
  },
  "tools": "Poisoner's Kit",
  "ingredientsInspection": "1",
  "productInspection": "1",
  "recipes": [
    {
      "name": "Ivana's Whisper (Inhaled)",
      "time": null,
      "macroName": "PoisonerCheck",
      "ingredientsInspection": "0",
      "productInspection": "0",
      "description": "",
      "tools": "",
      "ingredients": [
        {
          "name": null,
          "components": [
            {
              "uuid": "Compendium.crafting-gathering.Crafting Ingredients VRGTR.L8704sqvCGbVHWag",
              "quantity": 1,
              "name": "Ivana's Whisper (Raw)"
            }
          ]
        },
        {
          "name": null,
          "components": [
            {
              "uuid": "Item.Ql64jqElBNGf5jfT",
              "quantity": 1,
              "name": "Vial"
            }
          ]
        }
      ],
      "products": [
        {
          "name": null,
          "components": [
            {
              "uuid": "Compendium.crafting-gathering.Crafting Results VRGTR.iywtAiyE7C9kAKfZ",
              "quantity": 1,
              "name": "Ivana’s Whisper (Inhaled)"
            }
          ]
        }
      ],
      "img": "icons/consumables/potions/potion-jar-corked-green.webp",
      "ownership": {
        "fnbYkpHtl1fog06u": "2",
        "TKTuPaWmviyTg5nq": "2",
        "ffm0hg4Ag7AxYV9M": "2",
        "mT0BpCNV1QD6le32": "2",
        "yPjxt8T9laEdUk5W": "2",
        "qvjyllfbPM1W0Emi": "0"
      }
    }
  ],
  "img": "icons/sundries/books/book-worn-brown-grey.webp",
  "documentName": "RecipeBook"
}